{
  "mean": [
    0.3156171441078186,
    0.3242463171482086,
    -3.1456644535064697,
    -0.05324775353074074,
    6.045286655426025,
    -8.29692554473877,
    0.6981293559074402,
    0.15852320194244385,
    -3.577021837234497,
    -1.1294786930084229,
    5.517445087432861,
    8.495019912719727
  ],
  "std": [
    660.2289428710938,
    532.525146484375,
    467.6988525390625,
    73.3580322265625,
    155.9996337890625,
    114.84466552734375,
    662.2053833007812,
    557.3164672851562,
    475.3097839355469,
    75.57880401611328,
    161.8694610595703,
    107.54488372802734
  ]
}