{
  "config": "FP32",
  "fold": 3,
  "seed": 42,
  "tflite_kb": 52.14,
  "elapsed_s": 52.5,
  "accuracy": 0.9641727237543871,
  "macro_f1": 0.9183147654680746,
  "phase_f1": {
    "LR": 0.8791849518458034,
    "LS": 0.9826218132347708,
    "PSw": 0.8360772855342479,
    "Sw": 0.9753750112574766
  },
  "phase_accuracy": {
    "LR": 0.9441510730374746,
    "LS": 0.9749346446322561,
    "PSw": 0.9293226105784101,
    "Sw": 0.9583122193859273
  },
  "phase_support": {
    "LR": 180469,
    "LS": 1510970,
    "PSw": 168116,
    "Sw": 1158397
  },
  "confusion_matrix": [
    [
      170390,
      9726,
      0,
      353
    ],
    [
      5967,
      1473097,
      31868,
      38
    ],
    [
      6,
      4505,
      156234,
      7371
    ],
    [
      30777,
      1,
      17513,
      1110106
    ]
  ]
}