{
  "config": "FP32",
  "fold": 4,
  "seed": 42,
  "tflite_kb": 52.2,
  "elapsed_s": 60.7,
  "accuracy": 0.9614868701771517,
  "macro_f1": 0.9133945221507432,
  "phase_f1": {
    "LR": 0.8706087494265808,
    "LS": 0.980626517087597,
    "PSw": 0.8279390678158912,
    "Sw": 0.9744037542729037
  },
  "phase_accuracy": {
    "LR": 0.96149647601507,
    "LS": 0.9658368157986439,
    "PSw": 0.94654447569791,
    "Sw": 0.9579974707491107
  },
  "phase_support": {
    "LR": 178633,
    "LS": 1503724,
    "PSw": 165315,
    "Sw": 1167144
  },
  "confusion_matrix": [
    [
      171755,
      1941,
      0,
      4937
    ],
    [
      25965,
      1452352,
      25406,
      1
    ],
    [
      8,
      4047,
      156478,
      4782
    ],
    [
      18202,
      26,
      30795,
      1118121
    ]
  ]
}