{
  "config": "FP32",
  "fold": 0,
  "seed": 456,
  "tflite_kb": 52.31,
  "elapsed_s": 69.8,
  "accuracy": 0.9658906603793286,
  "macro_f1": 0.9227189748926136,
  "phase_f1": {
    "LR": 0.8925064133139108,
    "LS": 0.9832607442602109,
    "PSw": 0.8384601460848825,
    "Sw": 0.9766485959114499
  },
  "phase_accuracy": {
    "LR": 0.9697074955320377,
    "LS": 0.9717352793597598,
    "PSw": 0.9465690605410408,
    "Sw": 0.9605463120940396
  },
  "phase_support": {
    "LR": 178493,
    "LS": 1502686,
    "PSw": 166383,
    "Sw": 1169295
  },
  "confusion_matrix": [
    [
      173086,
      2107,
      0,
      3300
    ],
    [
      20083,
      1460213,
      22341,
      49
    ],
    [
      2,
      4661,
      157493,
      4227
    ],
    [
      16201,
      477,
      29455,
      1123162
    ]
  ]
}