{
  "config": "FP32",
  "fold": 2,
  "seed": 42,
  "tflite_kb": 52.07,
  "elapsed_s": 56.5,
  "accuracy": 0.9599536374335974,
  "macro_f1": 0.9090626361284102,
  "phase_f1": {
    "LR": 0.8351346688195137,
    "LS": 0.9800203432424212,
    "PSw": 0.8478993157933001,
    "Sw": 0.9731962166584055
  },
  "phase_accuracy": {
    "LR": 0.9071384615384616,
    "LS": 0.9692275640469186,
    "PSw": 0.9489615101799728,
    "Sw": 0.9577218609287633
  },
  "phase_support": {
    "LR": 178750,
    "LS": 1497574,
    "PSw": 165914,
    "Sw": 1175714
  },
  "confusion_matrix": [
    [
      162151,
      9451,
      0,
      7148
    ],
    [
      23545,
      1451490,
      22412,
      127
    ],
    [
      10,
      3415,
      157446,
      5043
    ],
    [
      23867,
      233,
      25607,
      1126007
    ]
  ]
}