{
  "config": "FP32",
  "fold": 0,
  "seed": 123,
  "tflite_kb": 52.21,
  "elapsed_s": 61.7,
  "accuracy": 0.9644268853313233,
  "macro_f1": 0.9197814874158914,
  "phase_f1": {
    "LR": 0.8873377474677276,
    "LS": 0.9829968694645792,
    "PSw": 0.8337819203065093,
    "Sw": 0.9750094124247497
  },
  "phase_accuracy": {
    "LR": 0.9764304482528726,
    "LS": 0.9721911297503271,
    "PSw": 0.9430290354182819,
    "Sw": 0.9556613172894779
  },
  "phase_support": {
    "LR": 178493,
    "LS": 1502686,
    "PSw": 166383,
    "Sw": 1169295
  },
  "confusion_matrix": [
    [
      174286,
      1924,
      0,
      2283
    ],
    [
      23468,
      1460898,
      18289,
      31
    ],
    [
      2,
      6353,
      156904,
      3124
    ],
    [
      16580,
      474,
      34791,
      1117450
    ]
  ]
}