{
  "config": "FP32",
  "fold": 1,
  "seed": 456,
  "tflite_kb": 52.31,
  "elapsed_s": 70.0,
  "accuracy": 0.9524101622047514,
  "macro_f1": 0.8944906808256992,
  "phase_f1": {
    "LR": 0.8345616291418295,
    "LS": 0.9720107284526446,
    "PSw": 0.7985103880831047,
    "Sw": 0.9728799776252177
  },
  "phase_accuracy": {
    "LR": 0.9326455152671755,
    "LS": 0.9505918543634398,
    "PSw": 0.8872860510402788,
    "Sw": 0.9674072065924101
  },
  "phase_support": {
    "LR": 167680,
    "LS": 1408877,
    "PSw": 156112,
    "Sw": 1069715
  },
  "confusion_matrix": [
    [
      156386,
      3711,
      0,
      7583
    ],
    [
      38952,
      1339267,
      29225,
      1433
    ],
    [
      7,
      3775,
      138516,
      13814
    ],
    [
      11749,
      33,
      23083,
      1034850
    ]
  ]
}