{
  "config": "FP32",
  "fold": 0,
  "seed": 42,
  "tflite_kb": 52.07,
  "elapsed_s": 65.6,
  "accuracy": 0.9594415645156532,
  "macro_f1": 0.9107476466509113,
  "phase_f1": {
    "LR": 0.8625509077572432,
    "LS": 0.9789699525841102,
    "PSw": 0.8279942137535028,
    "Sw": 0.9734755125087892
  },
  "phase_accuracy": {
    "LR": 0.9783184774753072,
    "LS": 0.9636337864330938,
    "PSw": 0.9580906703208861,
    "Sw": 0.9513647112148773
  },
  "phase_support": {
    "LR": 178493,
    "LS": 1502686,
    "PSw": 166383,
    "Sw": 1169295
  },
  "confusion_matrix": [
    [
      174623,
      2211,
      0,
      1659
    ],
    [
      28400,
      1448039,
      26227,
      20
    ],
    [
      2,
      4898,
      159410,
      2073
    ],
    [
      23381,
      457,
      33031,
      1112426
    ]
  ]
}