{
  "config": "FP32",
  "fold": 3,
  "seed": 123,
  "tflite_kb": 52.31,
  "elapsed_s": 62.8,
  "accuracy": 0.9628953674544857,
  "macro_f1": 0.9159168444560917,
  "phase_f1": {
    "LR": 0.8764204328793033,
    "LS": 0.982751755604629,
    "PSw": 0.831067474320709,
    "Sw": 0.973427715019725
  },
  "phase_accuracy": {
    "LR": 0.9551612742354643,
    "LS": 0.9751881241851261,
    "PSw": 0.9266756287325418,
    "Sw": 0.9533225655798487
  },
  "phase_support": {
    "LR": 180469,
    "LS": 1510970,
    "PSw": 168116,
    "Sw": 1158397
  },
  "confusion_matrix": [
    [
      172377,
      7779,
      0,
      313
    ],
    [
      9954,
      1473480,
      27497,
      39
    ],
    [
      6,
      6453,
      155789,
      5868
    ],
    [
      30560,
      0,
      23511,
      1104326
    ]
  ]
}