{
  "config": "FP32",
  "fold": 4,
  "seed": 123,
  "tflite_kb": 52.31,
  "elapsed_s": 56.2,
  "accuracy": 0.9655872862556123,
  "macro_f1": 0.9210740247379821,
  "phase_f1": {
    "LR": 0.8983686107895775,
    "LS": 0.9832130853987536,
    "PSw": 0.8262370479310114,
    "Sw": 0.9764773548325857
  },
  "phase_accuracy": {
    "LR": 0.9493262723013105,
    "LS": 0.9712793039148142,
    "PSw": 0.9345552430208995,
    "Sw": 0.9651379778330694
  },
  "phase_support": {
    "LR": 178633,
    "LS": 1503724,
    "PSw": 165315,
    "Sw": 1167144
  },
  "confusion_matrix": [
    [
      169581,
      2914,
      0,
      6138
    ],
    [
      18337,
      1460536,
      24630,
      221
    ],
    [
      9,
      3587,
      154496,
      7223
    ],
    [
      10971,
      184,
      29534,
      1126455
    ]
  ]
}