{
  "config": "FP32",
  "fold": 1,
  "seed": 123,
  "tflite_kb": 52.21,
  "elapsed_s": 48.3,
  "accuracy": 0.9336150934347327,
  "macro_f1": 0.8728819391531715,
  "phase_f1": {
    "LR": 0.8275030426814767,
    "LS": 0.9564241724573641,
    "PSw": 0.7550521203668878,
    "Sw": 0.9525484211069577
  },
  "phase_accuracy": {
    "LR": 0.8819239026717557,
    "LS": 0.9208582438353383,
    "PSw": 0.8808739879061187,
    "Sw": 0.9662162351654413
  },
  "phase_support": {
    "LR": 167680,
    "LS": 1408877,
    "PSw": 156112,
    "Sw": 1069715
  },
  "confusion_matrix": [
    [
      147881,
      3488,
      0,
      16311
    ],
    [
      27478,
      1297376,
      48933,
      35090
    ],
    [
      5,
      3156,
      137515,
      15436
    ],
    [
      14371,
      75,
      21693,
      1033576
    ]
  ]
}