{
  "config": "FP32",
  "fold": 4,
  "seed": 456,
  "tflite_kb": 52.34,
  "elapsed_s": 57.7,
  "accuracy": 0.9624517715177311,
  "macro_f1": 0.9138968351316699,
  "phase_f1": {
    "LR": 0.8782690400375842,
    "LS": 0.9802800912106947,
    "PSw": 0.8207539285646889,
    "Sw": 0.9762842807137118
  },
  "phase_accuracy": {
    "LR": 0.9418752414167595,
    "LS": 0.9658733916596397,
    "PSw": 0.9208117835647098,
    "Sw": 0.9670906075000172
  },
  "phase_support": {
    "LR": 178633,
    "LS": 1503724,
    "PSw": 165315,
    "Sw": 1167144
  },
  "confusion_matrix": [
    [
      168250,
      1610,
      0,
      8773
    ],
    [
      25582,
      1452407,
      25666,
      69
    ],
    [
      8,
      5497,
      152224,
      7586
    ],
    [
      10667,
      11,
      27732,
      1128734
    ]
  ]
}