{
  "config": "FP32",
  "fold": 2,
  "seed": 123,
  "tflite_kb": 52.31,
  "elapsed_s": 61.2,
  "accuracy": 0.9611537890596007,
  "macro_f1": 0.9104974253640792,
  "phase_f1": {
    "LR": 0.8327501207314648,
    "LS": 0.9823093063528129,
    "PSw": 0.8550206556966603,
    "Sw": 0.9719096186753786
  },
  "phase_accuracy": {
    "LR": 0.901986013986014,
    "LS": 0.977058228842114,
    "PSw": 0.9262328676302181,
    "Sw": 0.9548189440629269
  },
  "phase_support": {
    "LR": 178750,
    "LS": 1497574,
    "PSw": 165914,
    "Sw": 1175714
  },
  "confusion_matrix": [
    [
      161230,
      12909,
      0,
      4611
    ],
    [
      16883,
      1463217,
      17329,
      145
    ],
    [
      10,
      5214,
      153675,
      7015
    ],
    [
      30350,
      223,
      22547,
      1122594
    ]
  ]
}