{
  "config": "FP32",
  "fold": 2,
  "seed": 456,
  "tflite_kb": 52.31,
  "elapsed_s": 83.1,
  "accuracy": 0.9630680010815281,
  "macro_f1": 0.914654856379177,
  "phase_f1": {
    "LR": 0.8367245502593181,
    "LS": 0.9814536323980828,
    "PSw": 0.8648765069508545,
    "Sw": 0.9755647359084525
  },
  "phase_accuracy": {
    "LR": 0.8993958041958042,
    "LS": 0.9735538944987026,
    "PSw": 0.9318140723507359,
    "Sw": 0.9638024213371619
  },
  "phase_support": {
    "LR": 178750,
    "LS": 1497574,
    "PSw": 165914,
    "Sw": 1175714
  },
  "confusion_matrix": [
    [
      160767,
      10913,
      0,
      7070
    ],
    [
      21725,
      1457969,
      17682,
      198
    ],
    [
      10,
      4364,
      154601,
      6939
    ],
    [
      23025,
      220,
      19313,
      1133156
    ]
  ]
}