{
  "config": "FP32",
  "fold": 3,
  "seed": 456,
  "tflite_kb": 52.34,
  "elapsed_s": 62.7,
  "accuracy": 0.962707160352451,
  "macro_f1": 0.9161189419545002,
  "phase_f1": {
    "LR": 0.8679905809658272,
    "LS": 0.9828847115936308,
    "PSw": 0.8406501295895179,
    "Sw": 0.9729503456690249
  },
  "phase_accuracy": {
    "LR": 0.9589624810909353,
    "LS": 0.9738889587483537,
    "PSw": 0.9395833829022817,
    "Sw": 0.9520613399378625
  },
  "phase_support": {
    "LR": 180469,
    "LS": 1510970,
    "PSw": 168116,
    "Sw": 1158397
  },
  "confusion_matrix": [
    [
      173063,
      7165,
      0,
      241
    ],
    [
      11769,
      1471517,
      27655,
      29
    ],
    [
      6,
      4630,
      157959,
      5521
    ],
    [
      33460,
      0,
      22072,
      1102865
    ]
  ]
}