{
  "config": "FP32",
  "fold": 1,
  "seed": 42,
  "tflite_kb": 52.14,
  "elapsed_s": 50.7,
  "accuracy": 0.9360358894427031,
  "macro_f1": 0.877155635469316,
  "phase_f1": {
    "LR": 0.7922384859343683,
    "LS": 0.9566503579891568,
    "PSw": 0.8033229406688305,
    "Sw": 0.9564107572849088
  },
  "phase_accuracy": {
    "LR": 0.8945968511450382,
    "LS": 0.9344343047689756,
    "PSw": 0.8854732499743774,
    "Sw": 0.9520199305422472
  },
  "phase_support": {
    "LR": 167680,
    "LS": 1408877,
    "PSw": 156112,
    "Sw": 1069715
  },
  "confusion_matrix": [
    [
      150006,
      3575,
      0,
      14099
    ],
    [
      44947,
      1316503,
      25217,
      22210
    ],
    [
      5,
      12680,
      138233,
      5194
    ],
    [
      16051,
      10683,
      24591,
      1018390
    ]
  ]
}