{
  "config": "INT8",
  "fold": 0,
  "seed": 456,
  "tflite_kb": 21.38,
  "elapsed_s": 70.4,
  "accuracy": 0.9580387800946482,
  "macro_f1": 0.9119186576463577,
  "phase_f1": {
    "LR": 0.848354560848119,
    "LS": 0.9747892878595561,
    "PSw": 0.8512445668349685,
    "Sw": 0.973286215042787
  },
  "phase_accuracy": {
    "LR": 0.968374109909072,
    "LS": 0.9546731652520886,
    "PSw": 0.9540157347805965,
    "Sw": 0.9613587674624453
  },
  "phase_support": {
    "LR": 178493,
    "LS": 1502686,
    "PSw": 166383,
    "Sw": 1169295
  },
  "confusion_matrix": [
    [
      172848,
      916,
      0,
      4729
    ],
    [
      42637,
      1434574,
      16596,
      8879
    ],
    [
      2,
      4733,
      158732,
      2916
    ],
    [
      13510,
      443,
      31230,
      1124112
    ]
  ]
}