{
  "config": "INT8+Prune75",
  "fold": 4,
  "seed": 42,
  "rep_windows": 100,
  "seed_calib": 42,
  "tflite_kb": 16.8,
  "elapsed_s": 252.1,
  "accuracy": 0.9437985601774702,
  "macro_f1": 0.8799169482684371,
  "phase_f1": {
    "LR": 0.7916627986855053,
    "LS": 0.9655539467417427,
    "PSw": 0.7924438803301632,
    "Sw": 0.970007167316337
  },
  "phase_accuracy": {
    "LR": 0.9548011845515666,
    "LS": 0.9410343919495865,
    "PSw": 0.9196140701085805,
    "Sw": 0.949101396228743
  },
  "phase_support": {
    "LR": 178633,
    "LS": 1503724,
    "PSw": 165315,
    "Sw": 1167144
  },
  "confusion_matrix": [
    [
      170559,
      542,
      0,
      7532
    ],
    [
      69816,
      1415056,
      18850,
      2
    ],
    [
      10,
      11716,
      152026,
      1563
    ],
    [
      11870,
      38,
      47498,
      1107738
    ]
  ]
}