{
  "config": "INT8+Prune25",
  "fold": 2,
  "seed": 456,
  "rep_windows": 100,
  "seed_calib": 42,
  "tflite_kb": 11.29,
  "elapsed_s": 73.1,
  "accuracy": 0.7762094957109987,
  "macro_f1": 0.6742773094671017,
  "phase_f1": {
    "LR": 0.7067875525939216,
    "LS": 0.7774947855646047,
    "PSw": 0.2896403616614015,
    "Sw": 0.9231865380484787
  },
  "phase_accuracy": {
    "LR": 0.7405314685314686,
    "LS": 0.6383290575290437,
    "PSw": 0.6169822920308111,
    "Sw": 0.9797297642113644
  },
  "phase_support": {
    "LR": 178750,
    "LS": 1497574,
    "PSw": 165914,
    "Sw": 1175714
  },
  "confusion_matrix": [
    [
      132370,
      4923,
      0,
      41457
    ],
    [
      41154,
      955945,
      437183,
      63292
    ],
    [
      12,
      433,
      102366,
      63103
    ],
    [
      22282,
      164,
      1386,
      1151882
    ]
  ]
}