{
  "config": "INT8+Prune50",
  "fold": 3,
  "seed": 42,
  "tflite_kb": 13.42,
  "elapsed_s": 63.8,
  "accuracy": 0.9130559399221724,
  "macro_f1": 0.8270660987979096,
  "phase_f1": {
    "LR": 0.6855259252466802,
    "LS": 0.9601883133692296,
    "PSw": 0.7370583729053387,
    "Sw": 0.92549178367039
  },
  "phase_accuracy": {
    "LR": 0.7870714637971065,
    "LS": 0.9598648550269032,
    "PSw": 0.9357229531989817,
    "Sw": 0.8683378841623381
  },
  "phase_support": {
    "LR": 180469,
    "LS": 1510970,
    "PSw": 168116,
    "Sw": 1158397
  },
  "confusion_matrix": [
    [
      142042,
      33667,
      1,
      4759
    ],
    [
      22783,
      1450327,
      37509,
      351
    ],
    [
      6,
      6467,
      157310,
      4333
    ],
    [
      69103,
      19491,
      63923,
      1005880
    ]
  ]
}