{
  "config": "INT8",
  "fold": 2,
  "seed": 456,
  "tflite_kb": 21.38,
  "elapsed_s": 63.2,
  "accuracy": 0.9094485266829956,
  "macro_f1": 0.812191227742692,
  "phase_f1": {
    "LR": 0.675034940297036,
    "LS": 0.9349811511143634,
    "PSw": 0.688608795290213,
    "Sw": 0.9501400242691558
  },
  "phase_accuracy": {
    "LR": 0.6511944055944056,
    "LS": 0.9231363525274878,
    "PSw": 0.8403389707920971,
    "Sw": 0.9410298763134571
  },
  "phase_support": {
    "LR": 178750,
    "LS": 1497574,
    "PSw": 165914,
    "Sw": 1175714
  },
  "confusion_matrix": [
    [
      116401,
      55374,
      0,
      6975
    ],
    [
      15664,
      1382465,
      83989,
      15456
    ],
    [
      7,
      2128,
      139424,
      24355
    ],
    [
      34052,
      19663,
      15617,
      1106382
    ]
  ]
}