{
  "config": "INT8+Prune50",
  "fold": 1,
  "seed": 123,
  "tflite_kb": 13.39,
  "elapsed_s": 55.1,
  "accuracy": 0.8640314817669527,
  "macro_f1": 0.7677432216457163,
  "phase_f1": {
    "LR": 0.6940886736012133,
    "LS": 0.8834118528409644,
    "PSw": 0.5355859491613503,
    "Sw": 0.9578864109793377
  },
  "phase_accuracy": {
    "LR": 0.837875715648855,
    "LS": 0.8001663736436893,
    "PSw": 0.9308701445116326,
    "Sw": 0.9424912242980606
  },
  "phase_support": {
    "LR": 167680,
    "LS": 1408877,
    "PSw": 156112,
    "Sw": 1069715
  },
  "confusion_matrix": [
    [
      140495,
      12486,
      16,
      14683
    ],
    [
      64406,
      1127336,
      214113,
      3022
    ],
    [
      9,
      1355,
      145320,
      9428
    ],
    [
      32243,
      2178,
      27097,
      1008197
    ]
  ]
}