{
  "config": "INT8+Prune50",
  "fold": 4,
  "seed": 123,
  "tflite_kb": 13.51,
  "elapsed_s": 69.8,
  "accuracy": 0.9268160975661532,
  "macro_f1": 0.8404241509674287,
  "phase_f1": {
    "LR": 0.7643159521748137,
    "LS": 0.960979711375638,
    "PSw": 0.687864854954905,
    "Sw": 0.948536085364358
  },
  "phase_accuracy": {
    "LR": 0.8055454479295538,
    "LS": 0.9557511883829746,
    "PSw": 0.7886822127453649,
    "Sw": 0.9276627391307328
  },
  "phase_support": {
    "LR": 178633,
    "LS": 1503724,
    "PSw": 165315,
    "Sw": 1167144
  },
  "confusion_matrix": [
    [
      143897,
      3251,
      0,
      31485
    ],
    [
      47731,
      1437186,
      18561,
      246
    ],
    [
      9,
      33596,
      130381,
      1329
    ],
    [
      6268,
      13328,
      64832,
      1082716
    ]
  ]
}