{
  "config": "INT8",
  "fold": 4,
  "seed": 42,
  "tflite_kb": 21.3,
  "elapsed_s": 71.1,
  "accuracy": 0.9567913929075605,
  "macro_f1": 0.9015092478182467,
  "phase_f1": {
    "LR": 0.8617025928031131,
    "LS": 0.9794507396471553,
    "PSw": 0.795064613471547,
    "Sw": 0.9698190453511717
  },
  "phase_accuracy": {
    "LR": 0.9377774543337457,
    "LS": 0.9701820280849411,
    "PSw": 0.8972930466079908,
    "Sw": 0.9508766698882057
  },
  "phase_support": {
    "LR": 178633,
    "LS": 1503724,
    "PSw": 165315,
    "Sw": 1167144
  },
  "confusion_matrix": [
    [
      167518,
      1746,
      0,
      9369
    ],
    [
      29018,
      1458886,
      15817,
      3
    ],
    [
      10,
      14600,
      148336,
      2369
    ],
    [
      13628,
      32,
      43674,
      1109810
    ]
  ]
}