{
  "config": "INT8+Prune25",
  "fold": 3,
  "seed": 123,
  "rep_windows": 100,
  "seed_calib": 42,
  "tflite_kb": 11.26,
  "elapsed_s": 69.7,
  "accuracy": 0.9029079985367561,
  "macro_f1": 0.8206953908762656,
  "phase_f1": {
    "LR": 0.701143259856701,
    "LS": 0.9476491016805186,
    "PSw": 0.6995194167662508,
    "Sw": 0.9344697852015921
  },
  "phase_accuracy": {
    "LR": 0.9922978461674858,
    "LS": 0.9041470049041345,
    "PSw": 0.9679744938018987,
    "Sw": 0.8779226810842915
  },
  "phase_support": {
    "LR": 180469,
    "LS": 1510970,
    "PSw": 168116,
    "Sw": 1158397
  },
  "confusion_matrix": [
    [
      179079,
      269,
      3,
      1118
    ],
    [
      114007,
      1366139,
      30799,
      25
    ],
    [
      11,
      5297,
      162732,
      76
    ],
    [
      37254,
      542,
      103618,
      1016983
    ]
  ]
}