{
  "config": "INT8",
  "fold": 0,
  "seed": 123,
  "tflite_kb": 21.38,
  "elapsed_s": 67.9,
  "accuracy": 0.959508190146235,
  "macro_f1": 0.9111251923453771,
  "phase_f1": {
    "LR": 0.8563731309621471,
    "LS": 0.9771636585283262,
    "PSw": 0.8358191489361703,
    "Sw": 0.9751448309548653
  },
  "phase_accuracy": {
    "LR": 0.9679147081398151,
    "LS": 0.960167992514737,
    "PSw": 0.9444113881826869,
    "Sw": 0.9595251839783802
  },
  "phase_support": {
    "LR": 178493,
    "LS": 1502686,
    "PSw": 166383,
    "Sw": 1169295
  },
  "confusion_matrix": [
    [
      172766,
      1083,
      0,
      4644
    ],
    [
      40949,
      1442831,
      16867,
      2039
    ],
    [
      2,
      6062,
      157134,
      3185
    ],
    [
      11273,
      438,
      35616,
      1121968
    ]
  ]
}