{
  "config": "INT8+Prune75",
  "fold": 2,
  "seed": 456,
  "rep_windows": 100,
  "seed_calib": 42,
  "tflite_kb": 16.91,
  "elapsed_s": 77.1,
  "accuracy": 0.9527467633680059,
  "macro_f1": 0.8954722533309287,
  "phase_f1": {
    "LR": 0.8076680306194816,
    "LS": 0.9752890336547964,
    "PSw": 0.8293494378690248,
    "Sw": 0.969582511180412
  },
  "phase_accuracy": {
    "LR": 0.9270153846153846,
    "LS": 0.9605041219999813,
    "PSw": 0.9270284605277432,
    "Sw": 0.9504071568425655
  },
  "phase_support": {
    "LR": 178750,
    "LS": 1497574,
    "PSw": 165914,
    "Sw": 1175714
  },
  "confusion_matrix": [
    [
      165704,
      7833,
      0,
      5213
    ],
    [
      36392,
      1438426,
      22560,
      196
    ],
    [
      10,
      5703,
      153807,
      6394
    ],
    [
      29471,
      207,
      28629,
      1117407
    ]
  ]
}