{
  "config": "INT8+Prune50",
  "fold": 0,
  "seed": 123,
  "tflite_kb": 13.51,
  "elapsed_s": 66.8,
  "accuracy": 0.9356303596756492,
  "macro_f1": 0.868673398570539,
  "phase_f1": {
    "LR": 0.7509272645861782,
    "LS": 0.9579953457274861,
    "PSw": 0.7985061256418992,
    "Sw": 0.9672648583265928
  },
  "phase_accuracy": {
    "LR": 0.9442723244048786,
    "LS": 0.9244486206699204,
    "PSw": 0.9509264768636219,
    "Sw": 0.9465045176794564
  },
  "phase_support": {
    "LR": 178493,
    "LS": 1502686,
    "PSw": 166383,
    "Sw": 1169295
  },
  "confusion_matrix": [
    [
      168546,
      643,
      0,
      9304
    ],
    [
      86728,
      1389156,
      24664,
      2138
    ],
    [
      7,
      7241,
      158218,
      917
    ],
    [
      15127,
      405,
      47020,
      1106743
    ]
  ]
}