{
  "config": "INT8+Prune50",
  "fold": 0,
  "seed": 123,
  "tflite_kb": 13.32,
  "elapsed_s": 64.3,
  "accuracy": 0.922660570255733,
  "macro_f1": 0.84726517508699,
  "phase_f1": {
    "LR": 0.7229184937901377,
    "LS": 0.9531130776237474,
    "PSw": 0.7743536875495638,
    "Sw": 0.9386754413845109
  },
  "phase_accuracy": {
    "LR": 0.7157983786479022,
    "LS": 0.9181192877287737,
    "PSw": 0.8803122915201673,
    "Sw": 0.9661000859492258
  },
  "phase_support": {
    "LR": 178493,
    "LS": 1502686,
    "PSw": 166383,
    "Sw": 1169295
  },
  "confusion_matrix": [
    [
      127765,
      7627,
      2,
      43099
    ],
    [
      36339,
      1379645,
      37083,
      49619
    ],
    [
      4,
      4664,
      146469,
      15246
    ],
    [
      10869,
      407,
      28363,
      1129656
    ]
  ]
}