{
  "config": "INT8+Prune50",
  "fold": 3,
  "seed": 123,
  "tflite_kb": 13.43,
  "elapsed_s": 60.0,
  "accuracy": 0.9169148482149484,
  "macro_f1": 0.8359910768878099,
  "phase_f1": {
    "LR": 0.6859774756301461,
    "LS": 0.9687064727811753,
    "PSw": 0.762604441525738,
    "Sw": 0.92667591761418
  },
  "phase_accuracy": {
    "LR": 0.903678748150652,
    "LS": 0.9532472517654222,
    "PSw": 0.9601346689190797,
    "Sw": 0.8653138777120452
  },
  "phase_support": {
    "LR": 180469,
    "LS": 1510970,
    "PSw": 168116,
    "Sw": 1158397
  },
  "confusion_matrix": [
    [
      163086,
      17226,
      0,
      157
    ],
    [
      36464,
      1440328,
      34154,
      24
    ],
    [
      9,
      4266,
      161414,
      2427
    ],
    [
      95457,
      924,
      59639,
      1002377
    ]
  ]
}