{
  "config": "INT8+Prune75",
  "fold": 1,
  "seed": 456,
  "rep_windows": 100,
  "seed_calib": 42,
  "tflite_kb": 16.91,
  "elapsed_s": 71.5,
  "accuracy": 0.9497285168627854,
  "macro_f1": 0.8904004900913455,
  "phase_f1": {
    "LR": 0.7985749464586299,
    "LS": 0.9687866540758058,
    "PSw": 0.8202762559738898,
    "Sw": 0.9739641038570563
  },
  "phase_accuracy": {
    "LR": 0.9350846851145038,
    "LS": 0.944448663722951,
    "PSw": 0.9015514502408527,
    "Sw": 0.9660087032527356
  },
  "phase_support": {
    "LR": 167680,
    "LS": 1408877,
    "PSw": 156112,
    "Sw": 1069715
  },
  "confusion_matrix": [
    [
      156795,
      2619,
      0,
      8266
    ],
    [
      56395,
      1330612,
      21801,
      69
    ],
    [
      7,
      4811,
      140743,
      10551
    ],
    [
      11810,
      47,
      24504,
      1033354
    ]
  ]
}