{
  "config": "INT8",
  "fold": 1,
  "seed": 42,
  "tflite_kb": 21.27,
  "elapsed_s": 66.5,
  "accuracy": 0.9328518147405923,
  "macro_f1": 0.8734447739525297,
  "phase_f1": {
    "LR": 0.7821874885572452,
    "LS": 0.9535890230837193,
    "PSw": 0.8041725023342671,
    "Sw": 0.953830081834887
  },
  "phase_accuracy": {
    "LR": 0.8917581106870229,
    "LS": 0.9296446744463853,
    "PSw": 0.8827188172594035,
    "Sw": 0.9508336332574564
  },
  "phase_support": {
    "LR": 167680,
    "LS": 1408877,
    "PSw": 156112,
    "Sw": 1069715
  },
  "confusion_matrix": [
    [
      149530,
      2506,
      0,
      15644
    ],
    [
      49536,
      1309755,
      23579,
      26007
    ],
    [
      4,
      14083,
      137803,
      4222
    ],
    [
      15588,
      11780,
      25226,
      1017121
    ]
  ]
}