{
  "config": "INT8+Prune50",
  "fold": 0,
  "seed": 456,
  "tflite_kb": 13.51,
  "elapsed_s": 59.9,
  "accuracy": 0.8999922767303853,
  "macro_f1": 0.8354561578716491,
  "phase_f1": {
    "LR": 0.7721715363103749,
    "LS": 0.9218209894007772,
    "PSw": 0.7197789004128301,
    "Sw": 0.9280532053626143
  },
  "phase_accuracy": {
    "LR": 0.8546889793997524,
    "LS": 0.8618720078579291,
    "PSw": 0.9368204684372803,
    "Sw": 0.9506565922200985
  },
  "phase_support": {
    "LR": 178493,
    "LS": 1502686,
    "PSw": 166383,
    "Sw": 1169295
  },
  "confusion_matrix": [
    [
      152556,
      9224,
      16,
      16697
    ],
    [
      42649,
      1295123,
      75165,
      89749
    ],
    [
      5,
      2298,
      155871,
      8209
    ],
    [
      21432,
      592,
      35673,
      1111598
    ]
  ]
}