{
  "config": "INT8+Prune50",
  "fold": 3,
  "seed": 456,
  "tflite_kb": 13.54,
  "elapsed_s": 69.8,
  "accuracy": 0.9610484195905038,
  "macro_f1": 0.9119606532458702,
  "phase_f1": {
    "LR": 0.8515942362708462,
    "LS": 0.9844788988974102,
    "PSw": 0.8432116348129023,
    "Sw": 0.968557843002322
  },
  "phase_accuracy": {
    "LR": 0.9426549712138927,
    "LS": 0.981417897112451,
    "PSw": 0.9314996787932142,
    "Sw": 0.941633136135539
  },
  "phase_support": {
    "LR": 180469,
    "LS": 1510970,
    "PSw": 168116,
    "Sw": 1158397
  },
  "confusion_matrix": [
    [
      170120,
      9988,
      0,
      361
    ],
    [
      10510,
      1482893,
      17540,
      27
    ],
    [
      7,
      8689,
      156600,
      2820
    ],
    [
      38427,
      4,
      29181,
      1090785
    ]
  ]
}