{
  "config": "INT8+Prune50",
  "fold": 1,
  "seed": 456,
  "tflite_kb": 13.51,
  "elapsed_s": 55.5,
  "accuracy": 0.8713227737526335,
  "macro_f1": 0.7042897264444107,
  "phase_f1": {
    "LR": 0.36005780805259124,
    "LS": 0.8967743784070314,
    "PSw": 0.614968171544323,
    "Sw": 0.9453585477736973
  },
  "phase_accuracy": {
    "LR": 0.2436724713740458,
    "LS": 0.8885843121862306,
    "PSw": 0.8731679819616686,
    "Sw": 0.9467044960573611
  },
  "phase_support": {
    "LR": 167680,
    "LS": 1408877,
    "PSw": 156112,
    "Sw": 1069715
  },
  "confusion_matrix": [
    [
      40859,
      93022,
      0,
      33799
    ],
    [
      14945,
      1251906,
      130956,
      11070
    ],
    [
      5,
      4607,
      136312,
      15188
    ],
    [
      3469,
      33608,
      19934,
      1012704
    ]
  ]
}