{
  "config": "INT8",
  "fold": 3,
  "seed": 123,
  "tflite_kb": 21.3,
  "elapsed_s": 62.8,
  "accuracy": 0.8787773960619653,
  "macro_f1": 0.7904984687887139,
  "phase_f1": {
    "LR": 0.5784191313668108,
    "LS": 0.9198892306961164,
    "PSw": 0.778722358984765,
    "Sw": 0.8849631541071635
  },
  "phase_accuracy": {
    "LR": 0.5711451828291839,
    "LS": 0.973591798645903,
    "PSw": 0.8674308215755787,
    "Sw": 0.8046783615634364
  },
  "phase_support": {
    "LR": 180469,
    "LS": 1510970,
    "PSw": 168116,
    "Sw": 1158397
  },
  "confusion_matrix": [
    [
      103074,
      77292,
      0,
      103
    ],
    [
      7565,
      1471068,
      32001,
      336
    ],
    [
      2,
      6646,
      145829,
      15639
    ],
    [
      65289,
      132383,
      28588,
      932137
    ]
  ]
}