{
  "config": "INT8+Prune25",
  "fold": 1,
  "seed": 123,
  "rep_windows": 100,
  "seed_calib": 42,
  "tflite_kb": 11.26,
  "elapsed_s": 64.9,
  "accuracy": 0.9015102855283216,
  "macro_f1": 0.8051523736604179,
  "phase_f1": {
    "LR": 0.5803864093706017,
    "LS": 0.9305874412702053,
    "PSw": 0.7556441089393705,
    "Sw": 0.9539915350614939
  },
  "phase_accuracy": {
    "LR": 0.7439229484732824,
    "LS": 0.8871548048552145,
    "PSw": 0.8624256943732704,
    "Sw": 0.9508233501446647
  },
  "phase_support": {
    "LR": 167680,
    "LS": 1408877,
    "PSw": 156112,
    "Sw": 1069715
  },
  "confusion_matrix": [
    [
      124741,
      122,
      6,
      42811
    ],
    [
      131012,
      1249892,
      27511,
      462
    ],
    [
      9,
      19241,
      134635,
      2227
    ],
    [
      6413,
      8111,
      38081,
      1017110
    ]
  ]
}