{
  "config": "INT8+Prune75",
  "fold": 2,
  "seed": 123,
  "rep_windows": 100,
  "seed_calib": 42,
  "tflite_kb": 16.88,
  "elapsed_s": 75.4,
  "accuracy": 0.9486595545588532,
  "macro_f1": 0.888852649322273,
  "phase_f1": {
    "LR": 0.7749317402493708,
    "LS": 0.9676889225621979,
    "PSw": 0.8390126986344804,
    "Sw": 0.973777235843043
  },
  "phase_accuracy": {
    "LR": 0.9121846153846154,
    "LS": 0.9432662426030366,
    "PSw": 0.9410055812047206,
    "Sw": 0.9621549118237939
  },
  "phase_support": {
    "LR": 178750,
    "LS": 1497574,
    "PSw": 165914,
    "Sw": 1175714
  },
  "confusion_matrix": [
    [
      163053,
      6636,
      0,
      9061
    ],
    [
      57206,
      1412611,
      27632,
      125
    ],
    [
      12,
      2532,
      156126,
      7244
    ],
    [
      21798,
      203,
      22494,
      1131219
    ]
  ]
}