{
  "config": "INT8",
  "fold": 1,
  "seed": 456,
  "tflite_kb": 21.38,
  "elapsed_s": 57.1,
  "accuracy": 0.8978277066954422,
  "macro_f1": 0.7992210165297555,
  "phase_f1": {
    "LR": 0.6953696181965882,
    "LS": 0.9246774297582732,
    "PSw": 0.6271540298479453,
    "Sw": 0.9496829883162153
  },
  "phase_accuracy": {
    "LR": 0.6891698473282443,
    "LS": 0.9005172204528855,
    "PSw": 0.8562826688531311,
    "Sw": 0.9330560008974353
  },
  "phase_support": {
    "LR": 167680,
    "LS": 1408877,
    "PSw": 156112,
    "Sw": 1069715
  },
  "confusion_matrix": [
    [
      115560,
      45616,
      0,
      6504
    ],
    [
      18622,
      1268718,
      114184,
      7353
    ],
    [
      5,
      2134,
      133676,
      20297
    ],
    [
      30503,
      18786,
      22322,
      998104
    ]
  ]
}