{
  "config": "INT8+Prune50",
  "fold": 4,
  "seed": 42,
  "tflite_kb": 13.43,
  "elapsed_s": 63.2,
  "accuracy": 0.7895732276862004,
  "macro_f1": 0.6586523711629036,
  "phase_f1": {
    "LR": 0.44581138390051744,
    "LS": 0.8512810719912834,
    "PSw": 0.5125010876578335,
    "Sw": 0.8250159411019803
  },
  "phase_accuracy": {
    "LR": 0.347500181937268,
    "LS": 0.8864000308567264,
    "PSw": 0.9441611469013701,
    "Sw": 0.710587553892236
  },
  "phase_support": {
    "LR": 178633,
    "LS": 1503724,
    "PSw": 165315,
    "Sw": 1167144
  },
  "confusion_matrix": [
    [
      62075,
      107925,
      57,
      8576
    ],
    [
      11276,
      1332901,
      157576,
      1971
    ],
    [
      1,
      5753,
      156084,
      3477
    ],
    [
      26496,
      181215,
      130075,
      829358
    ]
  ]
}