{
  "config": "INT8+Prune50",
  "fold": 4,
  "seed": 42,
  "tflite_kb": 13.43,
  "elapsed_s": 69.6,
  "accuracy": 0.9242471182320912,
  "macro_f1": 0.8440016894496396,
  "phase_f1": {
    "LR": 0.7419875118084837,
    "LS": 0.9551883256711803,
    "PSw": 0.7231004987051208,
    "Sw": 0.9557304216137738
  },
  "phase_accuracy": {
    "LR": 0.9013732065183925,
    "LS": 0.925818833775347,
    "PSw": 0.8976983334845597,
    "Sw": 0.9294834227824501
  },
  "phase_support": {
    "LR": 178633,
    "LS": 1503724,
    "PSw": 165315,
    "Sw": 1167144
  },
  "confusion_matrix": [
    [
      161015,
      541,
      1,
      17076
    ],
    [
      83341,
      1392176,
      27961,
      246
    ],
    [
      10,
      16027,
      148403,
      875
    ],
    [
      11011,
      2509,
      68783,
      1084841
    ]
  ]
}