{
  "config": "INT8",
  "fold": 4,
  "seed": 456,
  "tflite_kb": 21.38,
  "elapsed_s": 63.1,
  "accuracy": 0.761390413212614,
  "macro_f1": 0.6315413129879646,
  "phase_f1": {
    "LR": 0.3300473533191332,
    "LS": 0.8222931837622381,
    "PSw": 0.657042929827989,
    "Sw": 0.7167817850424982
  },
  "phase_accuracy": {
    "LR": 0.2099164208181019,
    "LS": 0.9809885324700544,
    "PSw": 0.7221788706408977,
    "Sw": 0.5684225768199982
  },
  "phase_support": {
    "LR": 178633,
    "LS": 1503724,
    "PSw": 165315,
    "Sw": 1167144
  },
  "confusion_matrix": [
    [
      37498,
      136878,
      66,
      4191
    ],
    [
      7735,
      1475136,
      15664,
      5189
    ],
    [
      0,
      34745,
      119387,
      11183
    ],
    [
      3362,
      437376,
      62975,
      663431
    ]
  ]
}