{
  "config": "INT8+Prune25",
  "fold": 0,
  "seed": 42,
  "rep_windows": 100,
  "seed_calib": 42,
  "tflite_kb": 11.07,
  "elapsed_s": 73.8,
  "accuracy": 0.9356664899927308,
  "macro_f1": 0.8655442195607437,
  "phase_f1": {
    "LR": 0.7954706363728312,
    "LS": 0.9745456019128285,
    "PSw": 0.745734514737966,
    "Sw": 0.9464261252193488
  },
  "phase_accuracy": {
    "LR": 0.9693713478959959,
    "LS": 0.9601766436900324,
    "PSw": 0.9213922095406382,
    "Sw": 0.9010540539384843
  },
  "phase_support": {
    "LR": 178493,
    "LS": 1502686,
    "PSw": 166383,
    "Sw": 1169295
  },
  "confusion_matrix": [
    [
      173026,
      1956,
      0,
      3511
    ],
    [
      44417,
      1442844,
      15405,
      20
    ],
    [
      4,
      13022,
      153304,
      53
    ],
    [
      39088,
      552,
      76057,
      1053598
    ]
  ]
}