{
  "config": "INT8+Prune50",
  "fold": 3,
  "seed": 123,
  "tflite_kb": 13.51,
  "elapsed_s": 66.6,
  "accuracy": 0.9516002905281462,
  "macro_f1": 0.896595326215897,
  "phase_f1": {
    "LR": 0.8454662925586409,
    "LS": 0.9734189350733234,
    "PSw": 0.7973596516861934,
    "Sw": 0.9701364255454301
  },
  "phase_accuracy": {
    "LR": 0.9625752899389923,
    "LS": 0.9525344646154457,
    "PSw": 0.9657022532061196,
    "Sw": 0.9466253797273301
  },
  "phase_support": {
    "LR": 180469,
    "LS": 1510970,
    "PSw": 168116,
    "Sw": 1158397
  },
  "confusion_matrix": [
    [
      173715,
      3434,
      0,
      3320
    ],
    [
      36661,
      1439251,
      35031,
      27
    ],
    [
      7,
      3424,
      162350,
      2335
    ],
    [
      20081,
      26,
      41722,
      1096568
    ]
  ]
}