{
  "config": "INT8",
  "fold": 3,
  "seed": 123,
  "tflite_kb": 21.38,
  "elapsed_s": 67.4,
  "accuracy": 0.9618714943113741,
  "macro_f1": 0.9144613269493336,
  "phase_f1": {
    "LR": 0.8711653696014322,
    "LS": 0.9823601862514394,
    "PSw": 0.8318447077098218,
    "Sw": 0.9724750442346413
  },
  "phase_accuracy": {
    "LR": 0.9707318154364462,
    "LS": 0.9739114608496529,
    "PSw": 0.930137524090509,
    "Sw": 0.9493921341301816
  },
  "phase_support": {
    "LR": 180469,
    "LS": 1510970,
    "PSw": 168116,
    "Sw": 1158397
  },
  "confusion_matrix": [
    [
      175187,
      4494,
      0,
      788
    ],
    [
      21428,
      1471551,
      17951,
      40
    ],
    [
      7,
      8934,
      156371,
      2804
    ],
    [
      25099,
      1,
      33524,
      1099773
    ]
  ]
}