{
  "config": "INT8",
  "fold": 4,
  "seed": 123,
  "tflite_kb": 21.38,
  "elapsed_s": 70.2,
  "accuracy": 0.957382805451477,
  "macro_f1": 0.9035109088269719,
  "phase_f1": {
    "LR": 0.8834245947185283,
    "LS": 0.981588605607287,
    "PSw": 0.782356061145811,
    "Sw": 0.9666743738362612
  },
  "phase_accuracy": {
    "LR": 0.9167175158005519,
    "LS": 0.9779667013361495,
    "PSw": 0.8967244351692224,
    "Sw": 0.9456785109635144
  },
  "phase_support": {
    "LR": 178633,
    "LS": 1503724,
    "PSw": 165315,
    "Sw": 1167144
  },
  "confusion_matrix": [
    [
      163756,
      4093,
      0,
      10784
    ],
    [
      21128,
      1470592,
      12003,
      1
    ],
    [
      7,
      15150,
      148242,
      1916
    ],
    [
      7206,
      2792,
      53403,
      1103743
    ]
  ]
}