{
  "config": "INT8+Prune75",
  "fold": 0,
  "seed": 123,
  "rep_windows": 100,
  "seed_calib": 42,
  "tflite_kb": 16.88,
  "elapsed_s": 99.5,
  "accuracy": 0.9444693599994962,
  "macro_f1": 0.8856889875998413,
  "phase_f1": {
    "LR": 0.8037855421912645,
    "LS": 0.962913255921612,
    "PSw": 0.8053626795929953,
    "Sw": 0.9706944726934934
  },
  "phase_accuracy": {
    "LR": 0.9606987388861188,
    "LS": 0.9329573843104947,
    "PSw": 0.9421455316949447,
    "Sw": 0.95711689522319
  },
  "phase_support": {
    "LR": 178493,
    "LS": 1502686,
    "PSw": 166383,
    "Sw": 1169295
  },
  "confusion_matrix": [
    [
      171478,
      815,
      0,
      6200
    ],
    [
      63584,
      1401942,
      29533,
      7627
    ],
    [
      4,
      6017,
      156757,
      3605
    ],
    [
      13117,
      416,
      36610,
      1119152
    ]
  ]
}