{
  "config": "INT8+Prune50",
  "fold": 2,
  "seed": 123,
  "tflite_kb": 13.51,
  "elapsed_s": 70.0,
  "accuracy": 0.9403910333895303,
  "macro_f1": 0.8769194871724421,
  "phase_f1": {
    "LR": 0.762682077723713,
    "LS": 0.9656975830833365,
    "PSw": 0.8145215991576986,
    "Sw": 0.9647766887250202
  },
  "phase_accuracy": {
    "LR": 0.9553622377622377,
    "LS": 0.9379336179714659,
    "PSw": 0.9698518509589306,
    "Sw": 0.9370875910297912
  },
  "phase_support": {
    "LR": 178750,
    "LS": 1497574,
    "PSw": 165914,
    "Sw": 1175714
  },
  "confusion_matrix": [
    [
      170771,
      3810,
      0,
      4169
    ],
    [
      61340,
      1404625,
      31452,
      157
    ],
    [
      20,
      2827,
      160912,
      2155
    ],
    [
      36936,
      201,
      36830,
      1101747
    ]
  ]
}