{
  "config": "INT8+Prune75",
  "fold": 3,
  "seed": 456,
  "rep_windows": 100,
  "seed_calib": 42,
  "tflite_kb": 16.91,
  "elapsed_s": 78.2,
  "accuracy": 0.9626567950716247,
  "macro_f1": 0.9163244907533292,
  "phase_f1": {
    "LR": 0.8667745066321578,
    "LS": 0.9817270253486065,
    "PSw": 0.8423989362694286,
    "Sw": 0.974397494763124
  },
  "phase_accuracy": {
    "LR": 0.9649745939745884,
    "LS": 0.9714362297067447,
    "PSw": 0.9402376930214852,
    "Sw": 0.9540977747697896
  },
  "phase_support": {
    "LR": 180469,
    "LS": 1510970,
    "PSw": 168116,
    "Sw": 1158397
  },
  "confusion_matrix": [
    [
      174148,
      5185,
      0,
      1136
    ],
    [
      20095,
      1467811,
      23036,
      28
    ],
    [
      7,
      6297,
      158069,
      3743
    ],
    [
      27111,
      0,
      26062,
      1105224
    ]
  ]
}