{
  "config": "INT8+Prune50",
  "fold": 2,
  "seed": 456,
  "tflite_kb": 13.54,
  "elapsed_s": 67.1,
  "accuracy": 0.9521970528358303,
  "macro_f1": 0.8937339392359341,
  "phase_f1": {
    "LR": 0.8252527945214697,
    "LS": 0.9748814356022746,
    "PSw": 0.8053807590458787,
    "Sw": 0.9694207677741137
  },
  "phase_accuracy": {
    "LR": 0.8919216783216783,
    "LS": 0.9600079862497612,
    "PSw": 0.9523005894620105,
    "Sw": 0.9513971935351625
  },
  "phase_support": {
    "LR": 178750,
    "LS": 1497574,
    "PSw": 165914,
    "Sw": 1175714
  },
  "confusion_matrix": [
    [
      159431,
      12169,
      0,
      7150
    ],
    [
      16685,
      1437683,
      43041,
      165
    ],
    [
      10,
      1794,
      158000,
      6110
    ],
    [
      31505,
      232,
      25406,
      1118571
    ]
  ]
}