{
  "config": "INT8+Prune75",
  "fold": 3,
  "seed": 123,
  "rep_windows": 100,
  "seed_calib": 42,
  "tflite_kb": 16.88,
  "elapsed_s": 78.4,
  "accuracy": 0.9550284431296455,
  "macro_f1": 0.9026324890935059,
  "phase_f1": {
    "LR": 0.8518510381193013,
    "LS": 0.9752725469927507,
    "PSw": 0.8109774076080793,
    "Sw": 0.9724289636538921
  },
  "phase_accuracy": {
    "LR": 0.966780998398617,
    "LS": 0.9569236980218006,
    "PSw": 0.9571010492755002,
    "Sw": 0.950424595367564
  },
  "phase_support": {
    "LR": 180469,
    "LS": 1510970,
    "PSw": 168116,
    "Sw": 1158397
  },
  "confusion_matrix": [
    [
      174474,
      3631,
      2,
      2362
    ],
    [
      32599,
      1445883,
      32451,
      37
    ],
    [
      7,
      4601,
      160904,
      2604
    ],
    [
      22086,
      0,
      35342,
      1100969
    ]
  ]
}