{
  "config": "INT8+Prune75",
  "fold": 0,
  "seed": 456,
  "rep_windows": 100,
  "seed_calib": 42,
  "tflite_kb": 16.88,
  "elapsed_s": 79.5,
  "accuracy": 0.9551099041154419,
  "macro_f1": 0.9016536202404044,
  "phase_f1": {
    "LR": 0.8329169749672164,
    "LS": 0.9761816232500083,
    "PSw": 0.8262013759907918,
    "Sw": 0.9713145067536011
  },
  "phase_accuracy": {
    "LR": 0.9554492333032668,
    "LS": 0.9591751037808298,
    "PSw": 0.949111387581664,
    "Sw": 0.9506873800024801
  },
  "phase_support": {
    "LR": 178493,
    "LS": 1502686,
    "PSw": 166383,
    "Sw": 1169295
  },
  "confusion_matrix": [
    [
      170541,
      883,
      0,
      7069
    ],
    [
      49872,
      1441339,
      11328,
      147
    ],
    [
      5,
      7680,
      157916,
      782
    ],
    [
      10592,
      426,
      46643,
      1111634
    ]
  ]
}