{
  "config": "INT8",
  "fold": 4,
  "seed": 123,
  "tflite_kb": 21.3,
  "elapsed_s": 63.7,
  "accuracy": 0.7112059243416514,
  "macro_f1": 0.569760809689521,
  "phase_f1": {
    "LR": 0.2736904604299807,
    "LS": 0.8081828493629262,
    "PSw": 0.6025406234428489,
    "Sw": 0.5946293055223287
  },
  "phase_accuracy": {
    "LR": 0.1909557584544849,
    "LS": 0.9805715676547025,
    "PSw": 0.8448416659105344,
    "Sw": 0.424857601118628
  },
  "phase_support": {
    "LR": 178633,
    "LS": 1503724,
    "PSw": 165315,
    "Sw": 1167144
  },
  "confusion_matrix": [
    [
      34111,
      142898,
      33,
      1591
    ],
    [
      6210,
      1474509,
      22780,
      225
    ],
    [
      0,
      22651,
      139665,
      2999
    ],
    [
      30313,
      505167,
      135794,
      495870
    ]
  ]
}