{
  "config": "INT8+Prune25",
  "fold": 3,
  "seed": 456,
  "rep_windows": 100,
  "seed_calib": 42,
  "tflite_kb": 11.29,
  "elapsed_s": 72.7,
  "accuracy": 0.9417730964574652,
  "macro_f1": 0.8771693871983699,
  "phase_f1": {
    "LR": 0.8038851131672872,
    "LS": 0.9717479497425636,
    "PSw": 0.774093043209418,
    "Sw": 0.9589514426742111
  },
  "phase_accuracy": {
    "LR": 0.924795948334617,
    "LS": 0.9506912777884405,
    "PSw": 0.9606105308239549,
    "Sw": 0.9300516144292501
  },
  "phase_support": {
    "LR": 180469,
    "LS": 1510970,
    "PSw": 168116,
    "Sw": 1158397
  },
  "confusion_matrix": [
    [
      166897,
      4601,
      0,
      8971
    ],
    [
      38698,
      1436466,
      35764,
      42
    ],
    [
      7,
      4421,
      161494,
      2194
    ],
    [
      29155,
      0,
      51873,
      1077369
    ]
  ]
}