{
  "config": "INT8+Prune50",
  "fold": 1,
  "seed": 42,
  "tflite_kb": 13.32,
  "elapsed_s": 58.5,
  "accuracy": 0.862221594185522,
  "macro_f1": 0.7463768233826302,
  "phase_f1": {
    "LR": 0.571056055483878,
    "LS": 0.9017281236482999,
    "PSw": 0.5802391145758973,
    "Sw": 0.9324839998224457
  },
  "phase_accuracy": {
    "LR": 0.6255904103053435,
    "LS": 0.8419464580655373,
    "PSw": 0.9502088244337399,
    "Sw": 0.9131768742141598
  },
  "phase_support": {
    "LR": 167680,
    "LS": 1408877,
    "PSw": 156112,
    "Sw": 1069715
  },
  "confusion_matrix": [
    [
      104899,
      29210,
      9,
      33562
    ],
    [
      48595,
      1186199,
      164261,
      9822
    ],
    [
      7,
      2571,
      148339,
      5195
    ],
    [
      46205,
      4089,
      42582,
      976839
    ]
  ]
}