{
  "config": "INT8+Prune75",
  "fold": 1,
  "seed": 42,
  "rep_windows": 100,
  "seed_calib": 42,
  "tflite_kb": 16.77,
  "elapsed_s": 79.7,
  "accuracy": 0.9289918869077186,
  "macro_f1": 0.865438419168695,
  "phase_f1": {
    "LR": 0.774136040954905,
    "LS": 0.9485254277779546,
    "PSw": 0.7849671847206685,
    "Sw": 0.9541250232212521
  },
  "phase_accuracy": {
    "LR": 0.8675512881679389,
    "LS": 0.9201193574740734,
    "PSw": 0.8607602234293328,
    "Sw": 0.9602660521727749
  },
  "phase_support": {
    "LR": 167680,
    "LS": 1408877,
    "PSw": 156112,
    "Sw": 1069715
  },
  "confusion_matrix": [
    [
      145471,
      1281,
      0,
      20928
    ],
    [
      54633,
      1296335,
      28136,
      29773
    ],
    [
      4,
      16160,
      134375,
      5573
    ],
    [
      8040,
      10716,
      23748,
      1027211
    ]
  ]
}