{
  "config": "INT8+Prune25",
  "fold": 0,
  "seed": 456,
  "rep_windows": 100,
  "seed_calib": 42,
  "tflite_kb": 11.26,
  "elapsed_s": 69.4,
  "accuracy": 0.9294928463629533,
  "macro_f1": 0.8582022249364564,
  "phase_f1": {
    "LR": 0.7833566659487401,
    "LS": 0.9643614107050165,
    "PSw": 0.7339045433959488,
    "Sw": 0.9511862796961199
  },
  "phase_accuracy": {
    "LR": 0.9780887765906786,
    "LS": 0.9359167517365571,
    "PSw": 0.9593407980382611,
    "Sw": 0.9095720070640856
  },
  "phase_support": {
    "LR": 178493,
    "LS": 1502686,
    "PSw": 166383,
    "Sw": 1169295
  },
  "confusion_matrix": [
    [
      174582,
      933,
      0,
      2978
    ],
    [
      68850,
      1406389,
      27427,
      20
    ],
    [
      5,
      6334,
      159618,
      426
    ],
    [
      23798,
      384,
      81555,
      1063558
    ]
  ]
}