{
  "config": "INT8+Prune50",
  "fold": 0,
  "seed": 456,
  "tflite_kb": 13.51,
  "elapsed_s": 66.6,
  "accuracy": 0.9490608935060562,
  "macro_f1": 0.890839318530329,
  "phase_f1": {
    "LR": 0.825889596906995,
    "LS": 0.9730990069018353,
    "PSw": 0.7973254589131582,
    "Sw": 0.9670432113993278
  },
  "phase_accuracy": {
    "LR": 0.9693825528171973,
    "LS": 0.9534620007107273,
    "PSw": 0.9485524362464915,
    "Sw": 0.940375183336968
  },
  "phase_support": {
    "LR": 178493,
    "LS": 1502686,
    "PSw": 166383,
    "Sw": 1169295
  },
  "confusion_matrix": [
    [
      173028,
      809,
      0,
      4656
    ],
    [
      52222,
      1432754,
      17657,
      53
    ],
    [
      4,
      8037,
      157823,
      519
    ],
    [
      15263,
      438,
      54018,
      1099576
    ]
  ]
}