{
  "config": "INT8+Prune25",
  "fold": 4,
  "seed": 42,
  "rep_windows": 100,
  "seed_calib": 42,
  "tflite_kb": 11.18,
  "elapsed_s": 74.7,
  "accuracy": 0.9172596271215225,
  "macro_f1": 0.8351279134615119,
  "phase_f1": {
    "LR": 0.7740165827959279,
    "LS": 0.9623855726604027,
    "PSw": 0.668537251716754,
    "Sw": 0.9355722466729635
  },
  "phase_accuracy": {
    "LR": 0.9359580816534459,
    "LS": 0.9394629599580774,
    "PSw": 0.9036748026494873,
    "Sw": 0.887715654623594
  },
  "phase_support": {
    "LR": 178633,
    "LS": 1503724,
    "PSw": 165315,
    "Sw": 1167144
  },
  "confusion_matrix": [
    [
      167193,
      337,
      0,
      11103
    ],
    [
      63227,
      1412693,
      27467,
      337
    ],
    [
      10,
      15706,
      149391,
      208
    ],
    [
      22951,
      3355,
      104746,
      1036092
    ]
  ]
}