{
  "config": "INT8",
  "fold": 4,
  "seed": 456,
  "tflite_kb": 21.41,
  "elapsed_s": 70.8,
  "accuracy": 0.953326173139588,
  "macro_f1": 0.8940971893175333,
  "phase_f1": {
    "LR": 0.8574583892088034,
    "LS": 0.9755674729505904,
    "PSw": 0.7731228984667857,
    "Sw": 0.9702399966439537
  },
  "phase_accuracy": {
    "LR": 0.9431907878163609,
    "LS": 0.9651378843457975,
    "PSw": 0.8720624262771074,
    "Sw": 0.9511696928570939
  },
  "phase_support": {
    "LR": 178633,
    "LS": 1503724,
    "PSw": 165315,
    "Sw": 1167144
  },
  "confusion_matrix": [
    [
      168485,
      1689,
      0,
      8459
    ],
    [
      36627,
      1451301,
      15793,
      3
    ],
    [
      9,
      18492,
      144165,
      2649
    ],
    [
      9233,
      90,
      47669,
      1110152
    ]
  ]
}