{
  "config": "INT8",
  "fold": 0,
  "seed": 456,
  "tflite_kb": 21.38,
  "elapsed_s": 60.6,
  "accuracy": 0.925551658563863,
  "macro_f1": 0.8591330362872053,
  "phase_f1": {
    "LR": 0.7569811038193497,
    "LS": 0.9464669952462331,
    "PSw": 0.7830034482935302,
    "Sw": 0.9500805977897081
  },
  "phase_accuracy": {
    "LR": 0.7929274537376816,
    "LS": 0.9217674218033575,
    "PSw": 0.9184712380471562,
    "Sw": 0.9516674577416306
  },
  "phase_support": {
    "LR": 178493,
    "LS": 1502686,
    "PSw": 166383,
    "Sw": 1169295
  },
  "confusion_matrix": [
    [
      141532,
      26530,
      0,
      10431
    ],
    [
      30226,
      1385127,
      45684,
      41649
    ],
    [
      4,
      5220,
      152818,
      8341
    ],
    [
      23683,
      7379,
      25453,
      1112780
    ]
  ]
}