{
  "config": "INT8",
  "fold": 0,
  "seed": 42,
  "tflite_kb": 21.2,
  "elapsed_s": 74.8,
  "accuracy": 0.9578196778965659,
  "macro_f1": 0.9074735979660473,
  "phase_f1": {
    "LR": 0.8550314288715655,
    "LS": 0.9784421366288993,
    "PSw": 0.8244381291444156,
    "Sw": 0.9719826972193086
  },
  "phase_accuracy": {
    "LR": 0.9804194002005681,
    "LS": 0.9632285121442536,
    "PSw": 0.9519962976986832,
    "Sw": 0.9482474482487311
  },
  "phase_support": {
    "LR": 178493,
    "LS": 1502686,
    "PSw": 166383,
    "Sw": 1169295
  },
  "confusion_matrix": [
    [
      174998,
      1552,
      0,
      1943
    ],
    [
      34199,
      1447430,
      21037,
      20
    ],
    [
      4,
      6539,
      158396,
      1444
    ],
    [
      21643,
      435,
      38436,
      1108781
    ]
  ]
}