{
  "config": "INT8",
  "fold": 2,
  "seed": 123,
  "tflite_kb": 21.38,
  "elapsed_s": 70.6,
  "accuracy": 0.9583482441072622,
  "macro_f1": 0.9041632152870671,
  "phase_f1": {
    "LR": 0.8222682744006661,
    "LS": 0.9790963181148749,
    "PSw": 0.8428791435452074,
    "Sw": 0.9724091250875198
  },
  "phase_accuracy": {
    "LR": 0.8867916083916084,
    "LS": 0.971079893213958,
    "PSw": 0.918698843979411,
    "Sw": 0.9586055792480144
  },
  "phase_support": {
    "LR": 178750,
    "LS": 1497574,
    "PSw": 165914,
    "Sw": 1175714
  },
  "confusion_matrix": [
    [
      158514,
      11892,
      0,
      8344
    ],
    [
      24714,
      1454264,
      18453,
      143
    ],
    [
      10,
      6677,
      152425,
      6802
    ],
    [
      23565,
      218,
      24885,
      1127046
    ]
  ]
}