{
  "config": "INT8",
  "fold": 3,
  "seed": 456,
  "tflite_kb": 21.38,
  "elapsed_s": 60.5,
  "accuracy": 0.9138074429281844,
  "macro_f1": 0.8321310580159393,
  "phase_f1": {
    "LR": 0.6731382693729067,
    "LS": 0.942964143275176,
    "PSw": 0.7725800716873432,
    "Sw": 0.9398417477283317
  },
  "phase_accuracy": {
    "LR": 0.6787536917697776,
    "LS": 0.954278377466131,
    "PSw": 0.9564467391562969,
    "Sw": 0.8914499951225703
  },
  "phase_support": {
    "LR": 180469,
    "LS": 1510970,
    "PSw": 168116,
    "Sw": 1158397
  },
  "confusion_matrix": [
    [
      122494,
      57910,
      0,
      65
    ],
    [
      11147,
      1441886,
      57904,
      33
    ],
    [
      5,
      961,
      160794,
      6356
    ],
    [
      49834,
      46472,
      29438,
      1032653
    ]
  ]
}