{
  "config": "INT8+Prune25",
  "fold": 1,
  "seed": 456,
  "rep_windows": 100,
  "seed_calib": 42,
  "tflite_kb": 11.28,
  "elapsed_s": 64.8,
  "accuracy": 0.9167890624553952,
  "macro_f1": 0.8342627029660167,
  "phase_f1": {
    "LR": 0.6798720270872964,
    "LS": 0.9551305132497292,
    "PSw": 0.7561713945223554,
    "Sw": 0.9458768770046855
  },
  "phase_accuracy": {
    "LR": 0.8909291507633588,
    "LS": 0.9225766337302689,
    "PSw": 0.9104553141334426,
    "Sw": 0.9141444216450176
  },
  "phase_support": {
    "LR": 167680,
    "LS": 1408877,
    "PSw": 156112,
    "Sw": 1069715
  },
  "confusion_matrix": [
    [
      149391,
      2932,
      3,
      15354
    ],
    [
      82718,
      1299797,
      25555,
      807
    ],
    [
      7,
      10066,
      142133,
      3906
    ],
    [
      39672,
      44,
      52125,
      977874
    ]
  ]
}