{
  "config": "INT8",
  "fold": 2,
  "seed": 42,
  "tflite_kb": 21.3,
  "elapsed_s": 70.7,
  "accuracy": 0.9554568793672,
  "macro_f1": 0.8995797281243513,
  "phase_f1": {
    "LR": 0.8136932821516434,
    "LS": 0.9765033535698091,
    "PSw": 0.8363347717688392,
    "Sw": 0.9717875050071135
  },
  "phase_accuracy": {
    "LR": 0.9048223776223776,
    "LS": 0.9634335264901768,
    "PSw": 0.9239786877538966,
    "Sw": 0.9574369276881963
  },
  "phase_support": {
    "LR": 178750,
    "LS": 1497574,
    "PSw": 165914,
    "Sw": 1175714
  },
  "confusion_matrix": [
    [
      161737,
      6972,
      0,
      10041
    ],
    [
      36384,
      1442813,
      18230,
      147
    ],
    [
      10,
      7473,
      153301,
      5130
    ],
    [
      20657,
      228,
      29157,
      1125672
    ]
  ]
}