{
  "config": "INT8+Prune75",
  "fold": 4,
  "seed": 456,
  "rep_windows": 100,
  "seed_calib": 42,
  "tflite_kb": 16.91,
  "elapsed_s": 75.9,
  "accuracy": 0.9466086819228768,
  "macro_f1": 0.882990921738054,
  "phase_f1": {
    "LR": 0.833743249943878,
    "LS": 0.9722983693026293,
    "PSw": 0.7606854229897176,
    "Sw": 0.9652366447159911
  },
  "phase_accuracy": {
    "LR": 0.9459954207789154,
    "LS": 0.9575207950395153,
    "PSw": 0.8990412243293107,
    "Sw": 0.939381087509339
  },
  "phase_support": {
    "LR": 178633,
    "LS": 1503724,
    "PSw": 165315,
    "Sw": 1167144
  },
  "confusion_matrix": [
    [
      168986,
      2944,
      0,
      6703
    ],
    [
      43591,
      1439847,
      20285,
      1
    ],
    [
      10,
      15161,
      148625,
      1519
    ],
    [
      14147,
      63,
      56541,
      1096393
    ]
  ]
}