{
  "config": "INT8+Prune50",
  "fold": 1,
  "seed": 42,
  "tflite_kb": 13.39,
  "elapsed_s": 62.0,
  "accuracy": 0.914924935340767,
  "macro_f1": 0.8347638505597098,
  "phase_f1": {
    "LR": 0.7181450295466766,
    "LS": 0.9466857003977773,
    "PSw": 0.7306092245258696,
    "Sw": 0.9436154477685154
  },
  "phase_accuracy": {
    "LR": 0.8323831106870229,
    "LS": 0.9082226482510538,
    "PSw": 0.894908783437532,
    "Sw": 0.9396119527163778
  },
  "phase_support": {
    "LR": 167680,
    "LS": 1408877,
    "PSw": 156112,
    "Sw": 1069715
  },
  "confusion_matrix": [
    [
      139574,
      856,
      8,
      27242
    ],
    [
      74788,
      1279574,
      29405,
      25110
    ],
    [
      4,
      13233,
      139706,
      3169
    ],
    [
      6661,
      731,
      57206,
      1005117
    ]
  ]
}