{
  "config": "INT8",
  "fold": 3,
  "seed": 456,
  "tflite_kb": 21.41,
  "elapsed_s": 67.6,
  "accuracy": 0.9589271134862317,
  "macro_f1": 0.9099282884884227,
  "phase_f1": {
    "LR": 0.847716321878877,
    "LS": 0.9781393725927325,
    "PSw": 0.8398618455301955,
    "Sw": 0.9739956139518858
  },
  "phase_accuracy": {
    "LR": 0.976821503970211,
    "LS": 0.9628960204372026,
    "PSw": 0.9452342430226748,
    "Sw": 0.9529496364372491
  },
  "phase_support": {
    "LR": 180469,
    "LS": 1510970,
    "PSw": 168116,
    "Sw": 1158397
  },
  "confusion_matrix": [
    [
      176286,
      3424,
      0,
      759
    ],
    [
      32589,
      1454907,
      23445,
      29
    ],
    [
      8,
      5545,
      158909,
      3654
    ],
    [
      26556,
      0,
      27947,
      1103894
    ]
  ]
}