{
  "config": "INT8",
  "fold": 1,
  "seed": 123,
  "tflite_kb": 21.38,
  "elapsed_s": 63.3,
  "accuracy": 0.9348483291369063,
  "macro_f1": 0.8742520933264983,
  "phase_f1": {
    "LR": 0.8049505544555535,
    "LS": 0.9572714045903434,
    "PSw": 0.7810431859600989,
    "Sw": 0.9537432282999971
  },
  "phase_accuracy": {
    "LR": 0.880093034351145,
    "LS": 0.9232523492114642,
    "PSw": 0.8826035154248232,
    "Sw": 0.9663284145777147
  },
  "phase_support": {
    "LR": 167680,
    "LS": 1408877,
    "PSw": 156112,
    "Sw": 1069715
  },
  "confusion_matrix": [
    [
      147574,
      3153,
      0,
      16953
    ],
    [
      38093,
      1300749,
      36774,
      33261
    ],
    [
      4,
      4287,
      137785,
      14036
    ],
    [
      13315,
      552,
      22152,
      1033696
    ]
  ]
}