{
  "config": "INT8+Prune50",
  "fold": 3,
  "seed": 42,
  "tflite_kb": 13.43,
  "elapsed_s": 66.3,
  "accuracy": 0.9501579216634327,
  "macro_f1": 0.8937115015625396,
  "phase_f1": {
    "LR": 0.8148219975065799,
    "LS": 0.9748861333260529,
    "PSw": 0.818912427082769,
    "Sw": 0.9662254483347567
  },
  "phase_accuracy": {
    "LR": 0.9778189051859322,
    "LS": 0.957112980403317,
    "PSw": 0.9440148468914321,
    "Sw": 0.9376681742097053
  },
  "phase_support": {
    "LR": 180469,
    "LS": 1510970,
    "PSw": 168116,
    "Sw": 1158397
  },
  "confusion_matrix": [
    [
      176466,
      2167,
      0,
      1836
    ],
    [
      43545,
      1446169,
      21229,
      27
    ],
    [
      8,
      7536,
      158704,
      1868
    ],
    [
      32652,
      5,
      39548,
      1086192
    ]
  ]
}