{
  "config": "INT8+Prune50",
  "fold": 4,
  "seed": 456,
  "tflite_kb": 13.51,
  "elapsed_s": 62.8,
  "accuracy": 0.8372680123762114,
  "macro_f1": 0.6896380704324887,
  "phase_f1": {
    "LR": 0.46753395917242224,
    "LS": 0.9005509201758409,
    "PSw": 0.5246160943781718,
    "Sw": 0.8658513080035196
  },
  "phase_accuracy": {
    "LR": 0.34181254303516145,
    "LS": 0.9296493239450857,
    "PSw": 0.8185585095121435,
    "Sw": 0.7967260252376742
  },
  "phase_support": {
    "LR": 178633,
    "LS": 1503724,
    "PSw": 165315,
    "Sw": 1167144
  },
  "confusion_matrix": [
    [
      61059,
      104009,
      71,
      13494
    ],
    [
      10356,
      1397936,
      79549,
      15883
    ],
    [
      0,
      8480,
      135320,
      21515
    ],
    [
      11148,
      90475,
      135627,
      929894
    ]
  ]
}