{
  "config": "INT8+Prune25",
  "fold": 0,
  "seed": 123,
  "rep_windows": 100,
  "seed_calib": 42,
  "tflite_kb": 11.26,
  "elapsed_s": 72.9,
  "accuracy": 0.9199541111825983,
  "macro_f1": 0.845579626973471,
  "phase_f1": {
    "LR": 0.7089171922082627,
    "LS": 0.9444335625982864,
    "PSw": 0.7663678244413434,
    "Sw": 0.9625999286459916
  },
  "phase_accuracy": {
    "LR": 0.9648165474276302,
    "LS": 0.8984338710815167,
    "PSw": 0.9638244291784618,
    "Sw": 0.9345195181712057
  },
  "phase_support": {
    "LR": 178493,
    "LS": 1502686,
    "PSw": 166383,
    "Sw": 1169295
  },
  "confusion_matrix": [
    [
      172213,
      338,
      2,
      5940
    ],
    [
      115248,
      1350064,
      35497,
      1877
    ],
    [
      8,
      5482,
      160364,
      529
    ],
    [
      19886,
      422,
      56258,
      1092729
    ]
  ]
}