{
  "config": "INT8+Prune50",
  "fold": 1,
  "seed": 123,
  "tflite_kb": 13.51,
  "elapsed_s": 62.0,
  "accuracy": 0.9270674539963117,
  "macro_f1": 0.853715320172461,
  "phase_f1": {
    "LR": 0.7168848508449632,
    "LS": 0.9482578865145854,
    "PSw": 0.7891491472462976,
    "Sw": 0.9605693960839975
  },
  "phase_accuracy": {
    "LR": 0.8453602099236641,
    "LS": 0.9209050896565136,
    "PSw": 0.8509467561750538,
    "Sw": 0.9591003211135676
  },
  "phase_support": {
    "LR": 167680,
    "LS": 1408877,
    "PSw": 156112,
    "Sw": 1069715
  },
  "confusion_matrix": [
    [
      141750,
      477,
      0,
      25453
    ],
    [
      80140,
      1297442,
      19782,
      11513
    ],
    [
      8,
      19748,
      132843,
      3513
    ],
    [
      5883,
      9931,
      27937,
      1025964
    ]
  ]
}