{
  "config": "INT8+Prune25",
  "fold": 3,
  "seed": 42,
  "rep_windows": 100,
  "seed_calib": 42,
  "tflite_kb": 11.18,
  "elapsed_s": 73.4,
  "accuracy": 0.9258994178833858,
  "macro_f1": 0.8517276266943231,
  "phase_f1": {
    "LR": 0.7395899791586916,
    "LS": 0.9670096101333227,
    "PSw": 0.757760165601311,
    "Sw": 0.9425507518839672
  },
  "phase_accuracy": {
    "LR": 0.9635172799760624,
    "LS": 0.9427606107335024,
    "PSw": 0.9406600204620619,
    "Sw": 0.8959035632861618
  },
  "phase_support": {
    "LR": 180469,
    "LS": 1510970,
    "PSw": 168116,
    "Sw": 1158397
  },
  "confusion_matrix": [
    [
      173885,
      1223,
      0,
      5361
    ],
    [
      63736,
      1424483,
      22674,
      77
    ],
    [
      9,
      9479,
      158140,
      488
    ],
    [
      52121,
      6,
      68458,
      1037812
    ]
  ]
}