{
  "config": "INT8+Prune50",
  "fold": 2,
  "seed": 42,
  "tflite_kb": 13.42,
  "elapsed_s": 69.9,
  "accuracy": 0.9486350346195036,
  "macro_f1": 0.8883856506090605,
  "phase_f1": {
    "LR": 0.8083907248980277,
    "LS": 0.970602148020211,
    "PSw": 0.8045592026470171,
    "Sw": 0.9699905268709862
  },
  "phase_accuracy": {
    "LR": 0.9163804195804196,
    "LS": 0.9467598930002791,
    "PSw": 0.9555552876791591,
    "Sw": 0.9549507788458758
  },
  "phase_support": {
    "LR": 178750,
    "LS": 1497574,
    "PSw": 165914,
    "Sw": 1175714
  },
  "confusion_matrix": [
    [
      163803,
      4450,
      0,
      10497
    ],
    [
      39953,
      1417843,
      39627,
      151
    ],
    [
      10,
      1506,
      158540,
      5858
    ],
    [
      22741,
      201,
      30023,
      1122749
    ]
  ]
}