{
  "config": "INT8+Prune75",
  "fold": 2,
  "seed": 42,
  "rep_windows": 100,
  "seed_calib": 42,
  "tflite_kb": 16.8,
  "elapsed_s": 83.7,
  "accuracy": 0.9526556419717742,
  "macro_f1": 0.8958040446643902,
  "phase_f1": {
    "LR": 0.8101070872322509,
    "LS": 0.973399339754057,
    "PSw": 0.8278602922601329,
    "Sw": 0.9718494594111198
  },
  "phase_accuracy": {
    "LR": 0.912234965034965,
    "LS": 0.9537425195683151,
    "PSw": 0.9579541208095761,
    "Sw": 0.9566688837591455
  },
  "phase_support": {
    "LR": 178750,
    "LS": 1497574,
    "PSw": 165914,
    "Sw": 1175714
  },
  "confusion_matrix": [
    [
      163062,
      6586,
      0,
      9102
    ],
    [
      38841,
      1428300,
      30299,
      134
    ],
    [
      10,
      1987,
      158938,
      4979
    ],
    [
      21906,
      217,
      28822,
      1124769
    ]
  ]
}