{
  "config": "INT8+Prune75",
  "fold": 0,
  "seed": 42,
  "rep_windows": 100,
  "seed_calib": 42,
  "tflite_kb": 16.7,
  "elapsed_s": 87.5,
  "accuracy": 0.9565832918166157,
  "macro_f1": 0.9041159740062964,
  "phase_f1": {
    "LR": 0.8542165496530173,
    "LS": 0.9772124402820447,
    "PSw": 0.8130016318646551,
    "Sw": 0.9720332742254683
  },
  "phase_accuracy": {
    "LR": 0.9433983405511701,
    "LS": 0.9610158076936899,
    "PSw": 0.9536911823924319,
    "Sw": 0.953311183234342
  },
  "phase_support": {
    "LR": 178493,
    "LS": 1502686,
    "PSw": 166383,
    "Sw": 1169295
  },
  "confusion_matrix": [
    [
      168390,
      1610,
      0,
      8493
    ],
    [
      36564,
      1444105,
      21928,
      89
    ],
    [
      4,
      6733,
      158678,
      968
    ],
    [
      10805,
      426,
      43362,
      1114702
    ]
  ]
}