{
  "config": "INT8",
  "fold": 0,
  "seed": 123,
  "tflite_kb": 21.2,
  "elapsed_s": 68.5,
  "accuracy": 0.9357636109368127,
  "macro_f1": 0.8763613173524565,
  "phase_f1": {
    "LR": 0.7935553881273404,
    "LS": 0.9581607266284657,
    "PSw": 0.8040527654590922,
    "Sw": 0.9496763891949274
  },
  "phase_accuracy": {
    "LR": 0.7907144818004067,
    "LS": 0.9695558486603323,
    "PSw": 0.8995510358630389,
    "Sw": 0.919631059741126
  },
  "phase_support": {
    "LR": 178493,
    "LS": 1502686,
    "PSw": 166383,
    "Sw": 1169295
  },
  "confusion_matrix": [
    [
      141137,
      34365,
      3,
      2988
    ],
    [
      13747,
      1456938,
      22502,
      9499
    ],
    [
      2,
      9210,
      149670,
      7501
    ],
    [
      22329,
      37915,
      33731,
      1075320
    ]
  ]
}