{
  "config": "INT8+Prune25",
  "fold": 4,
  "seed": 123,
  "rep_windows": 100,
  "seed_calib": 42,
  "tflite_kb": 11.26,
  "elapsed_s": 75.9,
  "accuracy": 0.8904268121172237,
  "macro_f1": 0.7814057414979592,
  "phase_f1": {
    "LR": 0.5275215781362015,
    "LS": 0.9273898868512523,
    "PSw": 0.7254449490610041,
    "Sw": 0.9452665519433788
  },
  "phase_accuracy": {
    "LR": 0.6735037758980703,
    "LS": 0.8723415999212621,
    "PSw": 0.8937785439917733,
    "Sw": 0.9464530512087626
  },
  "phase_support": {
    "LR": 178633,
    "LS": 1503724,
    "PSw": 165315,
    "Sw": 1167144
  },
  "confusion_matrix": [
    [
      120310,
      364,
      0,
      57959
    ],
    [
      147998,
      1311761,
      41323,
      2642
    ],
    [
      11,
      12723,
      147755,
      4826
    ],
    [
      9181,
      359,
      52957,
      1104647
    ]
  ]
}