{
  "config": "INT8+Prune50",
  "fold": 1,
  "seed": 456,
  "tflite_kb": 13.53,
  "elapsed_s": 62.1,
  "accuracy": 0.9400535401286905,
  "macro_f1": 0.8714493876501308,
  "phase_f1": {
    "LR": 0.7649822997246624,
    "LS": 0.9631613721443708,
    "PSw": 0.790774198765766,
    "Sw": 0.9668796799657241
  },
  "phase_accuracy": {
    "LR": 0.8698890744274809,
    "LS": 0.9384779508786075,
    "PSw": 0.9082389566465102,
    "Sw": 0.9577700602496927
  },
  "phase_support": {
    "LR": 167680,
    "LS": 1408877,
    "PSw": 156112,
    "Sw": 1069715
  },
  "confusion_matrix": [
    [
      145863,
      3841,
      0,
      17976
    ],
    [
      55046,
      1322200,
      29512,
      2119
    ],
    [
      7,
      9396,
      141787,
      4922
    ],
    [
      12754,
      1228,
      31192,
      1024541
    ]
  ]
}