{
  "config": "INT8+Prune75",
  "fold": 4,
  "seed": 123,
  "rep_windows": 100,
  "seed_calib": 42,
  "tflite_kb": 16.88,
  "elapsed_s": 85.3,
  "accuracy": 0.9440612627768992,
  "macro_f1": 0.876838028635477,
  "phase_f1": {
    "LR": 0.8131856829402084,
    "LS": 0.971092785107616,
    "PSw": 0.759594738268465,
    "Sw": 0.9634789082256187
  },
  "phase_accuracy": {
    "LR": 0.9294643207022218,
    "LS": 0.9555669790466867,
    "PSw": 0.8816380848682818,
    "Sw": 0.9403132775390183
  },
  "phase_support": {
    "LR": 178633,
    "LS": 1503724,
    "PSw": 165315,
    "Sw": 1167144
  },
  "confusion_matrix": [
    [
      166033,
      612,
      0,
      11988
    ],
    [
      53186,
      1436909,
      13628,
      1
    ],
    [
      10,
      18008,
      145748,
      1549
    ],
    [
      10490,
      112,
      59061,
      1097481
    ]
  ]
}