{
  "config": "INT8",
  "fold": 0,
  "seed": 42,
  "tflite_kb": 21.3,
  "elapsed_s": null,
  "accuracy": 0.9433924113738238,
  "macro_f1": 0.8747752679727602,
  "phase_f1": {
    "LR": 0.778385393054674,
    "LS": 0.9678213929219976,
    "PSw": 0.7894803356586796,
    "Sw": 0.9634139502556894
  }
}