{
  "config": "INT8+Prune25",
  "fold": 4,
  "seed": 456,
  "rep_windows": 100,
  "seed_calib": 42,
  "tflite_kb": 11.29,
  "elapsed_s": 94.0,
  "accuracy": 0.9278851511999405,
  "macro_f1": 0.8462303677774536,
  "phase_f1": {
    "LR": 0.7803167873175515,
    "LS": 0.9666988613119701,
    "PSw": 0.6911212072783727,
    "Sw": 0.94678461520192
  },
  "phase_accuracy": {
    "LR": 0.7974338448103094,
    "LS": 0.9491562281376104,
    "PSw": 0.9155793485164686,
    "Sw": 0.9221886930832871
  },
  "phase_support": {
    "LR": 178633,
    "LS": 1503724,
    "PSw": 165315,
    "Sw": 1167144
  },
  "confusion_matrix": [
    [
      142448,
      7971,
      0,
      28214
    ],
    [
      33275,
      1427269,
      42049,
      1131
    ],
    [
      6,
      13119,
      151359,
      831
    ],
    [
      10741,
      789,
      79287,
      1076327
    ]
  ]
}