{
  "config": "INT8+Prune25",
  "fold": 1,
  "seed": 42,
  "rep_windows": 100,
  "seed_calib": 42,
  "tflite_kb": 11.14,
  "elapsed_s": 66.7,
  "accuracy": 0.8951057385426123,
  "macro_f1": 0.8207300352966075,
  "phase_f1": {
    "LR": 0.7026232588430203,
    "LS": 0.9254488881379209,
    "PSw": 0.728404374657273,
    "Sw": 0.9264436195482159
  },
  "phase_accuracy": {
    "LR": 0.9522602576335878,
    "LS": 0.9135730088574091,
    "PSw": 0.8381162242492569,
    "Sw": 0.8701411123523556
  },
  "phase_support": {
    "LR": 167680,
    "LS": 1408877,
    "PSw": 156112,
    "Sw": 1069715
  },
  "confusion_matrix": [
    [
      159675,
      921,
      2,
      7082
    ],
    [
      97342,
      1287112,
      24408,
      15
    ],
    [
      8,
      23468,
      130840,
      1796
    ],
    [
      29806,
      61217,
      47889,
      930803
    ]
  ]
}