{
  "config": "INT8",
  "fold": 1,
  "seed": 456,
  "tflite_kb": 21.41,
  "elapsed_s": 63.1,
  "accuracy": 0.9493527653597794,
  "macro_f1": 0.8894943857221399,
  "phase_f1": {
    "LR": 0.8192625374963032,
    "LS": 0.9686702180468182,
    "PSw": 0.7975221147823699,
    "Sw": 0.9725226725630686
  },
  "phase_accuracy": {
    "LR": 0.9251490935114504,
    "LS": 0.9487698358337882,
    "PSw": 0.893128010659014,
    "Sw": 0.9621198169605923
  },
  "phase_support": {
    "LR": 167680,
    "LS": 1408877,
    "PSw": 156112,
    "Sw": 1069715
  },
  "confusion_matrix": [
    [
      155129,
      3597,
      0,
      8954
    ],
    [
      45810,
      1336700,
      24075,
      2292
    ],
    [
      7,
      10287,
      139428,
      6390
    ],
    [
      10078,
      405,
      30038,
      1029194
    ]
  ]
}