{
  "config": "INT8+Prune50",
  "fold": 2,
  "seed": 456,
  "tflite_kb": 13.51,
  "elapsed_s": 62.7,
  "accuracy": 0.8597916732936773,
  "macro_f1": 0.7557497300427634,
  "phase_f1": {
    "LR": 0.6724996265483003,
    "LS": 0.8826082730446715,
    "PSw": 0.5176933824047276,
    "Sw": 0.9501976381733546
  },
  "phase_accuracy": {
    "LR": 0.6170461538461538,
    "LS": 0.8306828243545895,
    "PSw": 0.9525175693431537,
    "Sw": 0.9206898956719066
  },
  "phase_support": {
    "LR": 178750,
    "LS": 1497574,
    "PSw": 165914,
    "Sw": 1175714
  },
  "confusion_matrix": [
    [
      110297,
      56654,
      1,
      11798
    ],
    [
      10637,
      1244009,
      241719,
      1209
    ],
    [
      7,
      654,
      158036,
      7217
    ],
    [
      28330,
      20047,
      44869,
      1082468
    ]
  ]
}