{
  "config": "INT8+Prune75",
  "fold": 3,
  "seed": 42,
  "rep_windows": 100,
  "seed_calib": 42,
  "tflite_kb": 16.8,
  "elapsed_s": 87.6,
  "accuracy": 0.9547305590016011,
  "macro_f1": 0.9020244637687839,
  "phase_f1": {
    "LR": 0.8302406760977402,
    "LS": 0.9766951128874143,
    "PSw": 0.8310011497233069,
    "Sw": 0.9701609163666741
  },
  "phase_accuracy": {
    "LR": 0.9765721536662806,
    "LS": 0.9597344752046698,
    "PSw": 0.9436995883794523,
    "Sw": 0.9464017948941511
  },
  "phase_support": {
    "LR": 180469,
    "LS": 1510970,
    "PSw": 168116,
    "Sw": 1158397
  },
  "confusion_matrix": [
    [
      176241,
      2784,
      0,
      1444
    ],
    [
      34671,
      1450130,
      26141,
      28
    ],
    [
      8,
      5579,
      158651,
      3878
    ],
    [
      33165,
      0,
      28923,
      1096309
    ]
  ]
}