{
  "config": "INT8+Prune25",
  "fold": 2,
  "seed": 123,
  "rep_windows": 100,
  "seed_calib": 42,
  "tflite_kb": 11.26,
  "elapsed_s": 73.0,
  "accuracy": 0.9317321812938045,
  "macro_f1": 0.8625093627350928,
  "phase_f1": {
    "LR": 0.7379436459770413,
    "LS": 0.9610377316772521,
    "PSw": 0.792223177276388,
    "Sw": 0.9588328960096895
  },
  "phase_accuracy": {
    "LR": 0.9560839160839161,
    "LS": 0.9287574437056199,
    "PSw": 0.9693696734452789,
    "Sw": 0.9265076370613942
  },
  "phase_support": {
    "LR": 178750,
    "LS": 1497574,
    "PSw": 165914,
    "Sw": 1175714
  },
  "confusion_matrix": [
    [
      170900,
      3085,
      6,
      4759
    ],
    [
      65795,
      1390883,
      40788,
      108
    ],
    [
      13,
      2804,
      160832,
      2265
    ],
    [
      47721,
      198,
      38487,
      1089308
    ]
  ]
}