{
  "config": "INT8+Prune50",
  "fold": 2,
  "seed": 123,
  "tflite_kb": 13.42,
  "elapsed_s": 63.0,
  "accuracy": 0.9176464701890553,
  "macro_f1": 0.8290886354688539,
  "phase_f1": {
    "LR": 0.7143848465705699,
    "LS": 0.9502092984200855,
    "PSw": 0.6987513270309893,
    "Sw": 0.9530090698537709
  },
  "phase_accuracy": {
    "LR": 0.835104895104895,
    "LS": 0.9181055493751895,
    "PSw": 0.8747363091722218,
    "Sw": 0.9356663270149033
  },
  "phase_support": {
    "LR": 178750,
    "LS": 1497574,
    "PSw": 165914,
    "Sw": 1175714
  },
  "confusion_matrix": [
    [
      149275,
      20057,
      15,
      9403
    ],
    [
      38299,
      1374931,
      80623,
      3721
    ],
    [
      16,
      1044,
      145131,
      19723
    ],
    [
      51572,
      348,
      23718,
      1100076
    ]
  ]
}