{
  "config": "INT8+Prune50",
  "fold": 4,
  "seed": 456,
  "tflite_kb": 13.54,
  "elapsed_s": 66.6,
  "accuracy": 0.9295373249976118,
  "macro_f1": 0.8565875047363307,
  "phase_f1": {
    "LR": 0.7858123091464301,
    "LS": 0.9562575912319825,
    "PSw": 0.722090227757103,
    "Sw": 0.9621898908098071
  },
  "phase_accuracy": {
    "LR": 0.9680686099432916,
    "LS": 0.9212209155403518,
    "PSw": 0.9284154492937725,
    "Sw": 0.9345136504150302
  },
  "phase_support": {
    "LR": 178633,
    "LS": 1503724,
    "PSw": 165315,
    "Sw": 1167144
  },
  "confusion_matrix": [
    [
      172929,
      329,
      0,
      5375
    ],
    [
      71256,
      1385262,
      47202,
      4
    ],
    [
      12,
      7912,
      153481,
      3910
    ],
    [
      17298,
      30,
      59104,
      1090712
    ]
  ]
}