{
  "config": "INT8+Prune25",
  "fold": 2,
  "seed": 42,
  "rep_windows": 100,
  "seed_calib": 42,
  "tflite_kb": 11.17,
  "elapsed_s": 73.1,
  "accuracy": 0.9263609891741155,
  "macro_f1": 0.8450597884015814,
  "phase_f1": {
    "LR": 0.7376462536587091,
    "LS": 0.9580390159344325,
    "PSw": 0.7297081782495427,
    "Sw": 0.9548457057636409
  },
  "phase_accuracy": {
    "LR": 0.8170293706293706,
    "LS": 0.9237333180196772,
    "PSw": 0.9293670214689538,
    "Sw": 0.9459060621885935
  },
  "phase_support": {
    "LR": 178750,
    "LS": 1497574,
    "PSw": 165914,
    "Sw": 1175714
  },
  "confusion_matrix": [
    [
      146044,
      5946,
      0,
      26760
    ],
    [
      31259,
      1383359,
      79139,
      3817
    ],
    [
      9,
      703,
      154195,
      11007
    ],
    [
      39911,
      315,
      23373,
      1112115
    ]
  ]
}