{
  "config": "INT8+Prune50",
  "fold": 4,
  "seed": 123,
  "tflite_kb": 13.43,
  "elapsed_s": 62.4,
  "accuracy": 0.8583366281723329,
  "macro_f1": 0.6807926489096734,
  "phase_f1": {
    "LR": 0.2826984141509348,
    "LS": 0.8907010765069537,
    "PSw": 0.636953971242258,
    "Sw": 0.9128171337385473
  },
  "phase_accuracy": {
    "LR": 0.17294116988462377,
    "LS": 0.9300596386038927,
    "PSw": 0.847291534343526,
    "Sw": 0.8723953513876608
  },
  "phase_support": {
    "LR": 178633,
    "LS": 1503724,
    "PSw": 165315,
    "Sw": 1167144
  },
  "confusion_matrix": [
    [
      30893,
      132051,
      0,
      15689
    ],
    [
      6257,
      1398553,
      90876,
      8038
    ],
    [
      0,
      3407,
      140070,
      21838
    ],
    [
      2775,
      102607,
      43551,
      1018211
    ]
  ]
}