{
  "config": "INT8+Prune50",
  "fold": 3,
  "seed": 456,
  "tflite_kb": 13.51,
  "elapsed_s": 59.2,
  "accuracy": 0.9051810631845701,
  "macro_f1": 0.8124629917513817,
  "phase_f1": {
    "LR": 0.6734744842235748,
    "LS": 0.9320413142565859,
    "PSw": 0.6978563754202336,
    "Sw": 0.9464797931051326
  },
  "phase_accuracy": {
    "LR": 0.6201563703461537,
    "LS": 0.9348094270567914,
    "PSw": 0.9581598420138476,
    "Sw": 0.9032507853525173
  },
  "phase_support": {
    "LR": 180469,
    "LS": 1510970,
    "PSw": 168116,
    "Sw": 1158397
  },
  "confusion_matrix": [
    [
      111919,
      68205,
      8,
      337
    ],
    [
      6002,
      1412469,
      92460,
      39
    ],
    [
      5,
      1147,
      161082,
      5882
    ],
    [
      33968,
      38124,
      39982,
      1046323
    ]
  ]
}