{
  "config": "INT8+Prune50",
  "fold": 0,
  "seed": 42,
  "tflite_kb": 13.32,
  "elapsed_s": 68.0,
  "accuracy": 0.9415832437533499,
  "macro_f1": 0.8754980956732799,
  "phase_f1": {
    "LR": 0.7586201972846587,
    "LS": 0.963877100359729,
    "PSw": 0.810947039062156,
    "Sw": 0.9685480459865757
  },
  "phase_accuracy": {
    "LR": 0.8929649902237062,
    "LS": 0.9364890602561015,
    "PSw": 0.9408653528305175,
    "Sw": 0.9556536203438825
  },
  "phase_support": {
    "LR": 178493,
    "LS": 1502686,
    "PSw": 166383,
    "Sw": 1169295
  },
  "confusion_matrix": [
    [
      159388,
      435,
      0,
      18670
    ],
    [
      75833,
      1407249,
      18193,
      1411
    ],
    [
      7,
      9193,
      156544,
      639
    ],
    [
      6484,
      413,
      44957,
      1117441
    ]
  ]
}