{
  "config": "INT8",
  "fold": 2,
  "seed": 456,
  "tflite_kb": 21.41,
  "elapsed_s": 70.9,
  "accuracy": 0.96080553965073,
  "macro_f1": 0.9098211871550834,
  "phase_f1": {
    "LR": 0.828458416543194,
    "LS": 0.9789999756967603,
    "PSw": 0.8560870284997573,
    "Sw": 0.975739327880622
  },
  "phase_accuracy": {
    "LR": 0.8993118881118881,
    "LS": 0.9683508127144301,
    "PSw": 0.9194522463444917,
    "Sw": 0.9663795787070665
  },
  "phase_support": {
    "LR": 178750,
    "LS": 1497574,
    "PSw": 165914,
    "Sw": 1175714
  },
  "confusion_matrix": [
    [
      160752,
      9221,
      0,
      8777
    ],
    [
      27682,
      1450177,
      19493,
      222
    ],
    [
      10,
      5381,
      152550,
      7973
    ],
    [
      20881,
      215,
      18432,
      1136186
    ]
  ]
}