{
  "config": "INT8",
  "fold": 3,
  "seed": 42,
  "tflite_kb": 21.3,
  "elapsed_s": 71.0,
  "accuracy": 0.963726394588118,
  "macro_f1": 0.917827380649478,
  "phase_f1": {
    "LR": 0.8747968543237954,
    "LS": 0.9825254063004955,
    "PSw": 0.8391433846817342,
    "Sw": 0.9748438772918866
  },
  "phase_accuracy": {
    "LR": 0.96340645761876,
    "LS": 0.9738704276061073,
    "PSw": 0.9259023531371197,
    "Sw": 0.9560340712208336
  },
  "phase_support": {
    "LR": 180469,
    "LS": 1510970,
    "PSw": 168116,
    "Sw": 1158397
  },
  "confusion_matrix": [
    [
      173865,
      5733,
      0,
      871
    ],
    [
      15202,
      1471489,
      24247,
      32
    ],
    [
      6,
      7127,
      155659,
      5324
    ],
    [
      27956,
      1,
      22973,
      1107467
    ]
  ]
}