{
  "config": "INT8",
  "fold": 1,
  "seed": 123,
  "tflite_kb": 21.27,
  "elapsed_s": 60.4,
  "accuracy": 0.9076561242142405,
  "macro_f1": 0.8328436565653154,
  "phase_f1": {
    "LR": 0.7078290643990417,
    "LS": 0.9433557458383618,
    "PSw": 0.7555828181071382,
    "Sw": 0.9246069979167197
  },
  "phase_accuracy": {
    "LR": 0.821069895038168,
    "LS": 0.9262831318844725,
    "PSw": 0.895555754842677,
    "Sw": 0.8984617398092015
  },
  "phase_support": {
    "LR": 167680,
    "LS": 1408877,
    "PSw": 156112,
    "Sw": 1069715
  },
  "confusion_matrix": [
    [
      137677,
      18950,
      1,
      11052
    ],
    [
      28480,
      1305019,
      48691,
      26687
    ],
    [
      4,
      5920,
      139807,
      10381
    ],
    [
      55171,
      27993,
      25453,
      961098
    ]
  ]
}