{
  "config": "INT8",
  "fold": 2,
  "seed": 123,
  "tflite_kb": 21.3,
  "elapsed_s": 63.5,
  "accuracy": 0.9290866786483019,
  "macro_f1": 0.8487908199540734,
  "phase_f1": {
    "LR": 0.7055942546107431,
    "LS": 0.9562713331857092,
    "PSw": 0.7808381417504817,
    "Sw": 0.9524595502693597
  },
  "phase_accuracy": {
    "LR": 0.6947468531468531,
    "LS": 0.9602590589847313,
    "PSw": 0.9000506286389334,
    "Sw": 0.9291060581059679
  },
  "phase_support": {
    "LR": 178750,
    "LS": 1497574,
    "PSw": 165914,
    "Sw": 1175714
  },
  "confusion_matrix": [
    [
      124186,
      47278,
      59,
      7227
    ],
    [
      16375,
      1438059,
      34957,
      8183
    ],
    [
      8,
      6289,
      149331,
      10286
    ],
    [
      32685,
      18438,
      32228,
      1092363
    ]
  ]
}