{
  "config": "INT8+Prune50",
  "fold": 2,
  "seed": 42,
  "tflite_kb": 13.39,
  "elapsed_s": 65.0,
  "accuracy": 0.927246357794955,
  "macro_f1": 0.8456961377423071,
  "phase_f1": {
    "LR": 0.7317778655367111,
    "LS": 0.9619352963402406,
    "PSw": 0.7403534858090246,
    "Sw": 0.948717903283252
  },
  "phase_accuracy": {
    "LR": 0.7671160839160839,
    "LS": 0.9579493233723342,
    "PSw": 0.9393239871258604,
    "Sw": 0.9107793221820953
  },
  "phase_support": {
    "LR": 178750,
    "LS": 1497574,
    "PSw": 165914,
    "Sw": 1175714
  },
  "confusion_matrix": [
    [
      137122,
      37892,
      0,
      3736
    ],
    [
      17471,
      1434600,
      44815,
      688
    ],
    [
      7,
      3618,
      155847,
      6442
    ],
    [
      41414,
      9053,
      54431,
      1070816
    ]
  ]
}