{
  "config": "INT8+Prune75",
  "fold": 1,
  "seed": 123,
  "rep_windows": 100,
  "seed_calib": 42,
  "tflite_kb": 16.88,
  "elapsed_s": 76.2,
  "accuracy": 0.9248654003163022,
  "macro_f1": 0.8615874554603298,
  "phase_f1": {
    "LR": 0.7956395543250003,
    "LS": 0.9464225348969965,
    "PSw": 0.7561443000476984,
    "Sw": 0.9481434325716236
  },
  "phase_accuracy": {
    "LR": 0.8868738072519083,
    "LS": 0.9031718169861528,
    "PSw": 0.868222814389669,
    "Sw": 0.9676586754415896
  },
  "phase_support": {
    "LR": 167680,
    "LS": 1408877,
    "PSw": 156112,
    "Sw": 1069715
  },
  "confusion_matrix": [
    [
      148711,
      2397,
      0,
      16572
    ],
    [
      42655,
      1272458,
      47255,
      46509
    ],
    [
      5,
      5017,
      135540,
      15550
    ],
    [
      14764,
      236,
      19596,
      1035119
    ]
  ]
}