{
  "accuracy": 0.9075965483282767,
  "macro_f1": 0.8299711082168933,
  "phase_f1": {
    "LR": 0.736189830339756,
    "LS": 0.9332985105997765,
    "PSw": 0.7141395557350745,
    "Sw": 0.9362565361929663
  },
  "phase_accuracy": {
    "LR": 0.662939162880337,
    "LS": 0.8953507253012273,
    "PSw": 0.9669918200777724,
    "Sw": 0.9522293347700965
  },
  "phase_support": {
    "LR": 178493,
    "LS": 1502686,
    "PSw": 166383,
    "Sw": 1169295
  },
  "confusion_matrix": [
    [
      118330,
      31543,
      2088,
      26532
    ],
    [
      16215,
      1345431,
      74895,
      66145
    ],
    [
      4,
      2410,
      160891,
      3078
    ],
    [
      8424,
      1104,
      46330,
      1113437
    ]
  ]
}