{
  "name": "INT8+Prune50",
  "accuracy": 0.9456414881099826,
  "macro_f1": 0.8844546356386098,
  "phase_f1": {
    "LR": 0.8051703098544084,
    "LS": 0.9675906522248626,
    "PSw": 0.7955861374507007,
    "Sw": 0.9694714430244673
  },
  "phase_accuracy": {
    "LR": 0.9762414736217748,
    "LS": 0.9410223154353201,
    "PSw": 0.9441279189694785,
    "Sw": 0.9470741707044353
  },
  "phase_support": {
    "LR": 151735,
    "LS": 1274499,
    "PSw": 140589,
    "Sw": 1016857
  },
  "confusion_matrix": [
    [
      148130,
      2649,
      0,
      956
    ],
    [
      40744,
      1199332,
      34402,
      21
    ],
    [
      5,
      1993,
      132734,
      5857
    ],
    [
      27333,
      534,
      25951,
      963039
    ]
  ],
  "size_kb": 5.35,
  "file_size_kb": 22.34,
  "params": 3428,
  "artifact": "/Users/nontakornpulakkeaw/Documents/Nontakorn/Research/experiments/compression/runs/INT8+Prune50/model.pt",
  "method_note": "Structured 50% prune with fine-tuning, then INT8 weight quantize-dequantize",
  "report": "              precision    recall  f1-score   support\n\n          LR       0.69      0.98      0.81    151735\n          LS       1.00      0.94      0.97   1274499\n         PSw       0.69      0.94      0.80    140589\n          Sw       0.99      0.95      0.97   1016857\n\n    accuracy                           0.95   2583680\n   macro avg       0.84      0.95      0.88   2583680\nweighted avg       0.96      0.95      0.95   2583680\n"
}