{
  "mean": [
    0.4305294454097748,
    0.07009775936603546,
    -3.0972073078155518,
    0.5707352757453918,
    5.937506198883057,
    -7.213740825653076,
    0.4824700355529785,
    -0.27118104696273804,
    -3.54935359954834,
    -1.5539194345474243,
    5.789185047149658,
    7.842950344085693
  ],
  "std": [
    642.4647216796875,
    519.6309814453125,
    457.1153564453125,
    75.19620513916016,
    151.06285095214844,
    118.38034057617188,
    641.3822021484375,
    533.8109741210938,
    457.05206298828125,
    74.47003936767578,
    157.8413543701172,
    111.89397430419922
  ]
}