{
  "mean": [
    0.4305295944213867,
    0.07009777426719666,
    -3.0972089767456055,
    0.5707350969314575,
    5.937506198883057,
    -7.213730812072754,
    0.4824700951576233,
    -0.27118098735809326,
    -3.5493550300598145,
    -1.5539189577102661,
    5.789183139801025,
    7.842953205108643
  ],
  "std": [
    642.4646606445312,
    519.6307373046875,
    457.1153259277344,
    75.19622802734375,
    151.06283569335938,
    118.38034057617188,
    641.3822021484375,
    533.8114013671875,
    457.0518798828125,
    74.47004699707031,
    157.8413543701172,
    111.89402770996094
  ]
}