{
  "mean": [
    0.3455471098423004,
    0.21263697743415833,
    -3.0392444133758545,
    1.2960290908813477,
    5.36207914352417,
    -7.0940046310424805,
    0.407211035490036,
    -0.14914898574352264,
    -3.4841723442077637,
    -2.538572311401367,
    5.418874740600586,
    7.313273906707764
  ],
  "std": [
    619.4988403320312,
    501.0787048339844,
    427.55096435546875,
    71.11415100097656,
    153.53712463378906,
    113.07876586914062,
    630.7572021484375,
    529.7944946289062,
    447.7210388183594,
    70.44243621826172,
    157.57135009765625,
    110.45258331298828
  ]
}