{
  "config": "INT8",
  "fold": 0,
  "seed": 42,
  "rep_windows": 500,
  "seed_calib": 42,
  "tflite_kb": 21.2,
  "elapsed_s": 89.9,
  "accuracy": 0.9575856595125324,
  "macro_f1": 0.906782094229623,
  "phase_f1": {
    "LR": 0.854919424174952,
    "LS": 0.9781250601930028,
    "PSw": 0.8219808873186185,
    "Sw": 0.9721030052319186
  },
  "phase_accuracy": {
    "LR": 0.9776853994274285,
    "LS": 0.9631080611651403,
    "PSw": 0.9473383699055793,
    "Sw": 0.9488785977875558
  },
  "phase_support": {
    "LR": 178493,
    "LS": 1502686,
    "PSw": 166383,
    "Sw": 1169295
  },
  "confusion_matrix": [
    [
      174510,
      1498,
      0,
      2485
    ],
    [
      35189,
      1447249,
      20228,
      20
    ],
    [
      3,
      7359,
      157621,
      1400
    ],
    [
      20054,
      439,
      39283,
      1109519
    ]
  ]
}