{
  "config": "INT8+Prune50",
  "fold": 0,
  "seed": 42,
  "rep_windows": 500,
  "seed_calib": 42,
  "tflite_kb": 13.32,
  "elapsed_s": 121.6,
  "accuracy": 0.9325688953768774,
  "macro_f1": 0.8593349276248602,
  "phase_f1": {
    "LR": 0.7106912653488578,
    "LS": 0.9574082903177502,
    "PSw": 0.8057821051126393,
    "Sw": 0.9634580497201933
  },
  "phase_accuracy": {
    "LR": 0.8518317244933975,
    "LS": 0.9254188832530549,
    "PSw": 0.931381210820817,
    "Sw": 0.9542510658131609
  },
  "phase_support": {
    "LR": 178493,
    "LS": 1502686,
    "PSw": 166383,
    "Sw": 1169295
  },
  "confusion_matrix": [
    [
      152046,
      270,
      0,
      26177
    ],
    [
      92459,
      1390614,
      15084,
      4529
    ],
    [
      9,
      10968,
      154966,
      440
    ],
    [
      4875,
      417,
      48202,
      1115801
    ]
  ]
}