{
  "config": "INT8+Prune50",
  "fold": 0,
  "seed": 42,
  "rep_windows": 1000,
  "seed_calib": 42,
  "tflite_kb": 13.32,
  "elapsed_s": 169.4,
  "accuracy": 0.9464127732935304,
  "macro_f1": 0.8843761864400246,
  "phase_f1": {
    "LR": 0.7864323065175577,
    "LS": 0.9676894307399991,
    "PSw": 0.8128619291859696,
    "Sw": 0.9705210793165717
  },
  "phase_accuracy": {
    "LR": 0.9116716061694297,
    "LS": 0.9432216710610201,
    "PSw": 0.9448922065355234,
    "Sw": 0.9560333363265899
  },
  "phase_support": {
    "LR": 178493,
    "LS": 1502686,
    "PSw": 166383,
    "Sw": 1169295
  },
  "confusion_matrix": [
    [
      162727,
      504,
      0,
      15262
    ],
    [
      65112,
      1417366,
      19720,
      488
    ],
    [
      5,
      8414,
      157214,
      750
    ],
    [
      7499,
      412,
      43499,
      1117885
    ]
  ]
}