{
  "config": "INT8",
  "fold": 0,
  "seed": 42,
  "rep_windows": 1000,
  "seed_calib": 42,
  "tflite_kb": 21.2,
  "elapsed_s": 95.5,
  "accuracy": 0.9585346604098238,
  "macro_f1": 0.9090066321687719,
  "phase_f1": {
    "LR": 0.8559308803871635,
    "LS": 0.9789343899936325,
    "PSw": 0.8288656888557211,
    "Sw": 0.9722955694385705
  },
  "phase_accuracy": {
    "LR": 0.9829349050102805,
    "LS": 0.9637502445620708,
    "PSw": 0.9545806963451795,
    "Sw": 0.948669925040302
  },
  "phase_support": {
    "LR": 178493,
    "LS": 1502686,
    "PSw": 166383,
    "Sw": 1169295
  },
  "confusion_matrix": [
    [
      175447,
      1681,
      0,
      1365
    ],
    [
      31990,
      1448214,
      22462,
      20
    ],
    [
      2,
      5745,
      158826,
      1810
    ],
    [
      24024,
      430,
      35566,
      1109275
    ]
  ]
}