{
  "mean": [
    0.1436442881822586,
    0.30329811573028564,
    -3.1558761596679688,
    0.5306127071380615,
    5.87595272064209,
    -8.11074161529541,
    0.27373337745666504,
    0.10540835559368134,
    -3.453766345977783,
    -2.093644618988037,
    6.112199306488037,
    8.81707763671875
  ],
  "std": [
    643.9757080078125,
    525.6212768554688,
    464.8320617675781,
    74.71920776367188,
    159.1963653564453,
    109.79703521728516,
    630.90625,
    525.3629760742188,
    454.5316162109375,
    72.99298095703125,
    158.91680908203125,
    107.80213928222656
  ]
}