{
  "mean": [
    0.14364421367645264,
    0.3032977283000946,
    -3.155876398086548,
    0.5306130051612854,
    5.875952243804932,
    -8.110733985900879,
    0.2737336754798889,
    0.10540839284658432,
    -3.453765630722046,
    -2.093644142150879,
    6.112205505371094,
    8.817081451416016
  ],
  "std": [
    643.9757080078125,
    525.6212158203125,
    464.8321228027344,
    74.7192153930664,
    159.19638061523438,
    109.79705047607422,
    630.906494140625,
    525.3628540039062,
    454.5316467285156,
    72.99297332763672,
    158.91688537597656,
    107.80210876464844
  ]
}