{
  "mean": [
    0.31561702489852905,
    0.3242461681365967,
    -3.145663022994995,
    -0.053247809410095215,
    6.045284271240234,
    -8.296927452087402,
    0.6981297135353088,
    0.15852314233779907,
    -3.5770249366760254,
    -1.1294786930084229,
    5.517446994781494,
    8.495020866394043
  ],
  "std": [
    660.22900390625,
    532.525146484375,
    467.6989440917969,
    73.35800170898438,
    155.99954223632812,
    114.84463500976562,
    662.2055053710938,
    557.3163452148438,
    475.3099060058594,
    75.57879638671875,
    161.869384765625,
    107.54489135742188
  ]
}