{
  "mean": [
    -0.09739759564399719,
    0.13845057785511017,
    -3.387484312057495,
    0.6508148312568665,
    5.555123805999756,
    -7.775204181671143,
    0.10866551101207733,
    0.14134210348129272,
    -3.623857259750366,
    -2.496073007583618,
    6.133436679840088,
    9.095368385314941
  ],
  "std": [
    669.35498046875,
    543.8040161132812,
    488.24725341796875,
    75.5133285522461,
    158.51580810546875,
    115.93785095214844,
    653.3984375,
    546.2369995117188,
    472.68524169921875,
    75.23382568359375,
    161.32896423339844,
    111.63236236572266
  ]
}