{
  "name": "INT8",
  "accuracy": 0.9626908131037899,
  "macro_f1": 0.9142599007829326,
  "phase_f1": {
    "LR": 0.8703555311880562,
    "LS": 0.9784154019539876,
    "PSw": 0.8295437263587739,
    "Sw": 0.9787249436309126
  },
  "phase_accuracy": {
    "LR": 0.9520479783833657,
    "LS": 0.9628355926524854,
    "PSw": 0.9117640782707039,
    "Sw": 0.9711385180020397
  },
  "phase_support": {
    "LR": 151735,
    "LS": 1274499,
    "PSw": 140589,
    "Sw": 1016857
  },
  "confusion_matrix": [
    [
      144459,
      4681,
      0,
      2595
    ],
    [
      18142,
      1227133,
      29098,
      126
    ],
    [
      4,
      1538,
      128184,
      10863
    ],
    [
      17614,
      558,
      11176,
      987509
    ]
  ],
  "size_kb": 12.69,
  "file_size_kb": 52.09,
  "params": 10948,
  "artifact": "/Users/nontakornpulakkeaw/Documents/Nontakorn/Research/experiments/compression/runs/INT8/model.pt",
  "method_note": "PyTorch weight quantize-dequantize INT8 accuracy proxy",
  "report": "              precision    recall  f1-score   support\n\n          LR       0.80      0.95      0.87    151735\n          LS       0.99      0.96      0.98   1274499\n         PSw       0.76      0.91      0.83    140589\n          Sw       0.99      0.97      0.98   1016857\n\n    accuracy                           0.96   2583680\n   macro avg       0.89      0.95      0.91   2583680\nweighted avg       0.97      0.96      0.96   2583680\n"
}