{
  "mean": [
    0.34554699063301086,
    0.21263718605041504,
    -3.0392422676086426,
    1.2960302829742432,
    5.3620758056640625,
    -7.094008445739746,
    0.40721091628074646,
    -0.14914897084236145,
    -3.484170436859131,
    -2.5385706424713135,
    5.4188761711120605,
    7.313272953033447
  ],
  "std": [
    619.498779296875,
    501.0787353515625,
    427.5509033203125,
    71.1141357421875,
    153.5372314453125,
    113.07875061035156,
    630.7572021484375,
    529.7943725585938,
    447.720947265625,
    70.44243621826172,
    157.57131958007812,
    110.45258331298828
  ]
}