{
  "mean": [
    0.219015434384346,
    0.36085039377212524,
    -3.1888587474823,
    0.3962867558002472,
    5.5851149559021,
    -7.395383358001709,
    0.3737821877002716,
    0.08577938377857208,
    -3.6324141025543213,
    -1.4816278219223022,
    5.184406280517578,
    7.236589431762695
  ],
  "std": [
    643.230224609375,
    514.1603393554688,
    457.0879211425781,
    71.44033813476562,
    155.1426239013672,
    114.43163299560547,
    655.4308471679688,
    543.2178344726562,
    469.856201171875,
    72.63809204101562,
    159.8841094970703,
    109.49715423583984
  ]
}