{
  "INT8": {
    "n": 15,
    "real_tflite_macro_f1_mean": 0.9015071449050291,
    "real_tflite_macro_f1_std": 0.013509356349933544,
    "fp32_mean": 0.9087139572854128,
    "proxy_mean": 0.9088296514063573,
    "gap_vs_fp32_mean_pp": -0.7206812380383617,
    "gap_vs_fp32_std_pp": 0.5974406618023302,
    "gap_vs_proxy_mean_pp": -0.7322506501327944,
    "wilcoxon_p_real_vs_fp32": 0.00018310546875,
    "worst_case": {
      "fold": 4,
      "seed": 456,
      "macro_f1": 0.8940971893175333
    },
    "worst_gap_pp": -1.9799645814136513,
    "phase_f1_mean": {
      "LR": 0.8417895864547325,
      "LS": 0.9749438106312538,
      "PSw": 0.8193956068541326,
      "Sw": 0.9698995756799978
    },
    "phase_f1_n": {
      "LR": 15,
      "LS": 15,
      "PSw": 15,
      "Sw": 15
    }
  },
  "INT8+Prune50": {
    "n": 15,
    "real_tflite_macro_f1_mean": 0.8731506182901062,
    "real_tflite_macro_f1_std": 0.0232013552438839,
    "fp32_mean": 0.9087139572854128,
    "proxy_mean": 0.8933319411960304,
    "gap_vs_fp32_mean_pp": -3.556333899530669,
    "gap_vs_fp32_std_pp": 2.1023501196939534,
    "gap_vs_proxy_mean_pp": -2.0181322905924377,
    "wilcoxon_p_real_vs_fp32": 6.103515625e-05,
    "worst_case": {
      "fold": 4,
      "seed": 123,
      "macro_f1": 0.8404241509674287
    },
    "worst_gap_pp": -8.065051166731429,
    "phase_f1_mean": {
      "LR": 0.7823848757002093,
      "LS": 0.9646311449551462,
      "PSw": 0.7822874700003156,
      "Sw": 0.9632989825047534
    },
    "phase_f1_n": {
      "LR": 15,
      "LS": 15,
      "PSw": 15,
      "Sw": 15
    }
  }
}