{
  "INT8": {
    "n": 15,
    "real_tflite_macro_f1_mean": 0.7972231994590933,
    "real_tflite_macro_f1_std": 0.0908048924330165,
    "fp32_mean": 0.9087139572854128,
    "proxy_mean": 0.9088296514063573,
    "gap_vs_fp32_mean_pp": -11.14907578263197,
    "gap_vs_fp32_std_pp": 9.509773151778479,
    "gap_vs_proxy_mean_pp": -11.160645194726401,
    "wilcoxon_p_real_vs_fp32": 6.103515625e-05,
    "worst_case": {
      "fold": 4,
      "seed": 123,
      "macro_f1": 0.569760809689521
    },
    "worst_gap_pp": -35.1313852945222,
    "phase_f1_mean": {
      "LR": 0.6373763317995736,
      "LS": 0.9235842787859906,
      "PSw": 0.7302470878900018,
      "Sw": 0.8977117660274732
    },
    "phase_f1_n": {
      "LR": 15,
      "LS": 15,
      "PSw": 15,
      "Sw": 15
    }
  },
  "INT8+Prune50": {
    "n": 15,
    "real_tflite_macro_f1_mean": 0.7777512577084992,
    "real_tflite_macro_f1_std": 0.06734101329916446,
    "fp32_mean": 0.9087139572854128,
    "proxy_mean": 0.8933319411960304,
    "gap_vs_fp32_mean_pp": -13.096269957691364,
    "gap_vs_fp32_std_pp": 6.5863950481858,
    "gap_vs_proxy_mean_pp": -11.558068348753132,
    "wilcoxon_p_real_vs_fp32": 6.103515625e-05,
    "worst_case": {
      "fold": 4,
      "seed": 42,
      "macro_f1": 0.6586523711629036
    },
    "worst_gap_pp": -25.474215098783958,
    "phase_f1_mean": {
      "LR": 0.6144117698812035,
      "LS": 0.9192246972537922,
      "PSw": 0.6511609574412186,
      "Sw": 0.9262009395911155
    },
    "phase_f1_n": {
      "LR": 15,
      "LS": 15,
      "PSw": 15,
      "Sw": 15
    }
  }
}