{
  "mean": [
    -0.09739761054515839,
    0.13845062255859375,
    -3.3874826431274414,
    0.6508150100708008,
    5.555120468139648,
    -7.775207042694092,
    0.10866552591323853,
    0.14134229719638824,
    -3.6238582134246826,
    -2.4960720539093018,
    6.133432865142822,
    9.095367431640625
  ],
  "std": [
    669.35498046875,
    543.8040771484375,
    488.24725341796875,
    75.51329803466797,
    158.51585388183594,
    115.93787384033203,
    653.3986206054688,
    546.2369995117188,
    472.68536376953125,
    75.23384857177734,
    161.32894897460938,
    111.63237762451172
  ]
}